system,hardware,profile,stage,stage_name,required_optional,intended_targets,actual_targets,intended_backend,actual_backend,workers_intended,workers_actual,isa_intended,isa_actual,utilization_pressure_expectation,measured_utilization_pressure,allocation_expectation,achieved_allocation,verification_expectation,verification_achieved,intended_duration_seconds,actual_sustained_duration_seconds,lvs_reported_verdict,independent_acceptance_status,confidence,issue_root_cause,rerun_required,notes_evidence_paths
Core i7-10750H / Intel UHD / GTX 1660 Ti,NVIDIA GeForce GTX 1660 Ti [discrete] 0000:01:00.0; Intel(R) UHD Graphics (CML GT2) [integrated] 0000:00:02.0,x86_64 Integrated and Discrete GPU Acceptance Rerun,x86_id_acceptance_cpu_stress_ng,CPU stress-ng Verified Saturation,required,logical CPU set,"CPU 0,1,2,3,4,5,6,7,8,9,10,11",cpu:stress_ng,stress_ng,12,1,auto,resolved common-safe/native evidence in manifest,near-full target CPU saturation,"aggregate median=100.00%, p10=100.00%, min=99.89%, lowest logical median=100.00%",N/A,N/A,durable backend-specific verification/readback/integrity evidence,"stress_ng:passed=12 failed=0 metrics=[{'bogo_ops': 5542477, 'bogo_ops_per_second_cpu': 785.67, 'bogo_ops_per_second_real': 9221.46, 'real_time_seconds': 601.04, 'stressor': 'cpu', 'system_time_seconds': 7.23, 'user_time_seconds': 7047.23}]",600,601.077811449999,pass,VALIDATED,High,"Verified worker progress, complete affinity/worker counts, and near-full measured CPU saturation",No,results/2026-08-13_14-04-49_x86_64 Integrated and Discrete GPU Acceptance Rerun/run_manifest.json; profile_used.json; system_info.json; raw_telemetry.csv; worker_results/; worker_logs/; advanced_debug/
Core i7-10750H / Intel UHD / GTX 1660 Ti,NVIDIA GeForce GTX 1660 Ti [discrete] 0000:01:00.0; Intel(R) UHD Graphics (CML GT2) [integrated] 0000:00:02.0,x86_64 Integrated and Discrete GPU Acceptance Rerun,x86_id_acceptance_cpu_python,CPU Python Verified Saturation,required,logical CPU set,"CPU 0,1,2,3,4,5,6,7,8,9,10,11",cpu:python_fallback,python_fallback,12,1,auto,resolved common-safe/native evidence in manifest,near-full target CPU saturation,"aggregate median=100.00%, p10=100.00%, min=100.00%, lowest logical median=100.00%",N/A,N/A,durable backend-specific verification/readback/integrity evidence,python_fallback:passes=47131 failures=0,600,601.1794955509977,pass,VALIDATED,High,"Verified worker progress, complete affinity/worker counts, and near-full measured CPU saturation",No,results/2026-08-13_14-04-49_x86_64 Integrated and Discrete GPU Acceptance Rerun/run_manifest.json; profile_used.json; system_info.json; raw_telemetry.csv; worker_results/; worker_logs/; advanced_debug/
Core i7-10750H / Intel UHD / GTX 1660 Ti,NVIDIA GeForce GTX 1660 Ti [discrete] 0000:01:00.0; Intel(R) UHD Graphics (CML GT2) [integrated] 0000:00:02.0,x86_64 Integrated and Discrete GPU Acceptance Rerun,x86_id_acceptance_ram_stress_ng,RAM stress-ng Verification Evidence,required,system RAM,none recorded,memory:stress_ng,stress_ng,one per selected GPU / one memory worker as configured,1,N/A,N/A,sustained assigned memory/GPU pressure and verified progress,"memory used median=28.66 GiB, max=28.74 GiB",memory=80%,N/A,durable backend-specific verification/readback/integrity evidence,"stress_ng:passed=1 failed=0 metrics=[{'bogo_ops': 112827979, 'bogo_ops_per_second_cpu': 186931.04, 'bogo_ops_per_second_real': 186489.77, 'real_time_seconds': 605.01, 'stressor': 'vm', 'system_time_seconds': 9.16, 'user_time_seconds': 594.42}]",600,605.0474784219987,pass,VALIDATED,High,Durable --verify/--metrics-brief VM pass/fail and positive bogo metrics with sustained pressure,No,results/2026-08-13_14-04-49_x86_64 Integrated and Discrete GPU Acceptance Rerun/run_manifest.json; profile_used.json; system_info.json; raw_telemetry.csv; worker_results/; worker_logs/; advanced_debug/
Core i7-10750H / Intel UHD / GTX 1660 Ti,NVIDIA GeForce GTX 1660 Ti [discrete] 0000:01:00.0; Intel(R) UHD Graphics (CML GT2) [integrated] 0000:00:02.0,x86_64 Integrated and Discrete GPU Acceptance Rerun,x86_id_acceptance_ram_python,RAM Python Integrity Evidence,required,system RAM,none recorded,memory:python_fallback,python_fallback,one per selected GPU / one memory worker as configured,1,N/A,N/A,sustained assigned memory/GPU pressure and verified progress,"memory used median=3.78 GiB, max=28.73 GiB",memory=80%,memory assigned=26713469747 achieved=26713469747 ratio=1.0,durable backend-specific verification/readback/integrity evidence,python_fallback:passes=16 failures=6521844,600,600.9769969370027,fail,FAILED,High,Deterministic false mismatch when rewrite pattern reached byte value zero,No (covered by representative x86 rerun),results/2026-08-13_14-04-49_x86_64 Integrated and Discrete GPU Acceptance Rerun/run_manifest.json; profile_used.json; system_info.json; raw_telemetry.csv; worker_results/; worker_logs/; advanced_debug/
Core i7-10750H / Intel UHD / GTX 1660 Ti,NVIDIA GeForce GTX 1660 Ti [discrete] 0000:01:00.0; Intel(R) UHD Graphics (CML GT2) [integrated] 0000:00:02.0,x86_64 Integrated and Discrete GPU Acceptance Rerun,x86_id_acceptance_igpu_compute,Integrated GPU Vulkan Compute,required,integrated_all,Intel(R) UHD Graphics (CML GT2),gpu_3d:vulkan_compute,python_vulkan_compute,one per selected GPU / one memory worker as configured,1,N/A,N/A,sustained assigned memory/GPU pressure and verified progress,worker/GPU telemetry; see worker evidence,N/A,gpu assigned=50331648 achieved=50335744 ratio=1.0,durable backend-specific verification/readback/integrity evidence,Intel(R) UHD Graphics (CML GT2):passes=1074 failures=0,600,600.3230314360044,pass,VALIDATED,High,"Correct physical target/backend, sustained progress, positive verification, and required concurrency/allocation",No,results/2026-08-13_14-04-49_x86_64 Integrated and Discrete GPU Acceptance Rerun/run_manifest.json; profile_used.json; system_info.json; raw_telemetry.csv; worker_results/; worker_logs/; advanced_debug/
Core i7-10750H / Intel UHD / GTX 1660 Ti,NVIDIA GeForce GTX 1660 Ti [discrete] 0000:01:00.0; Intel(R) UHD Graphics (CML GT2) [integrated] 0000:00:02.0,x86_64 Integrated and Discrete GPU Acceptance Rerun,x86_id_acceptance_igpu_transfer,Integrated GPU Vulkan Transfer,required,integrated_all,Intel(R) UHD Graphics (CML GT2),gpu_3d:vulkan,python_vulkan_transfer,one per selected GPU / one memory worker as configured,1,N/A,N/A,sustained assigned memory/GPU pressure and verified progress,worker/GPU telemetry; see worker evidence,N/A,gpu assigned=50331648 achieved=100663296 ratio=1.0,durable backend-specific verification/readback/integrity evidence,Intel(R) UHD Graphics (CML GT2):passes=14180 failures=0,600,600.4130658949944,pass,VALIDATED,High,"Correct physical target/backend, sustained progress, positive verification, and required concurrency/allocation",No,results/2026-08-13_14-04-49_x86_64 Integrated and Discrete GPU Acceptance Rerun/run_manifest.json; profile_used.json; system_info.json; raw_telemetry.csv; worker_results/; worker_logs/; advanced_debug/
Core i7-10750H / Intel UHD / GTX 1660 Ti,NVIDIA GeForce GTX 1660 Ti [discrete] 0000:01:00.0; Intel(R) UHD Graphics (CML GT2) [integrated] 0000:00:02.0,x86_64 Integrated and Discrete GPU Acceptance Rerun,x86_id_acceptance_igpu_stateful,Integrated GPU Vulkan Stateful Shared Memory,required,integrated_all,Intel(R) UHD Graphics (CML GT2),gpu_3d:vulkan_compute,python_vulkan_compute,one per selected GPU / one memory worker as configured,1,N/A,N/A,sustained assigned memory/GPU pressure and verified progress,worker/GPU telemetry; see worker evidence,gpu_3d=80%,gpu assigned=20035102310 achieved=20035105792 ratio=1.0,durable backend-specific verification/readback/integrity evidence,Intel(R) UHD Graphics (CML GT2):passes=109 failures=0,600,603.3572410050037,pass,VALIDATED,High,"Correct physical target/backend, sustained progress, positive verification, and required concurrency/allocation",No,results/2026-08-13_14-04-49_x86_64 Integrated and Discrete GPU Acceptance Rerun/run_manifest.json; profile_used.json; system_info.json; raw_telemetry.csv; worker_results/; worker_logs/; advanced_debug/
Core i7-10750H / Intel UHD / GTX 1660 Ti,NVIDIA GeForce GTX 1660 Ti [discrete] 0000:01:00.0; Intel(R) UHD Graphics (CML GT2) [integrated] 0000:00:02.0,x86_64 Integrated and Discrete GPU Acceptance Rerun,x86_id_acceptance_dgpu_compute,Discrete GPU Vulkan Compute,required,discrete_all,NVIDIA GeForce GTX 1660 Ti,gpu_3d:vulkan_compute,python_vulkan_compute,one per selected GPU / one memory worker as configured,1,N/A,N/A,sustained assigned memory/GPU pressure and verified progress,worker/GPU telemetry; see worker evidence,N/A,gpu assigned=228167680 achieved=228171776 ratio=1.0,durable backend-specific verification/readback/integrity evidence,NVIDIA GeForce GTX 1660 Ti:passes=2828 failures=0,600,600.8963694279955,pass,VALIDATED,High,"Correct physical target/backend, sustained progress, positive verification, and required concurrency/allocation",No,results/2026-08-13_14-04-49_x86_64 Integrated and Discrete GPU Acceptance Rerun/run_manifest.json; profile_used.json; system_info.json; raw_telemetry.csv; worker_results/; worker_logs/; advanced_debug/
Core i7-10750H / Intel UHD / GTX 1660 Ti,NVIDIA GeForce GTX 1660 Ti [discrete] 0000:01:00.0; Intel(R) UHD Graphics (CML GT2) [integrated] 0000:00:02.0,x86_64 Integrated and Discrete GPU Acceptance Rerun,x86_id_acceptance_dgpu_transfer,Discrete GPU Vulkan Transfer,required,discrete_all,NVIDIA GeForce GTX 1660 Ti,gpu_3d:vulkan,python_vulkan_transfer,one per selected GPU / one memory worker as configured,1,N/A,N/A,sustained assigned memory/GPU pressure and verified progress,worker/GPU telemetry; see worker evidence,N/A,gpu assigned=171126784 achieved=342253568 ratio=1.0,durable backend-specific verification/readback/integrity evidence,NVIDIA GeForce GTX 1660 Ti:passes=13228 failures=0,600,601.3282700570053,pass,VALIDATED,High,"Correct physical target/backend, sustained progress, positive verification, and required concurrency/allocation",No,results/2026-08-13_14-04-49_x86_64 Integrated and Discrete GPU Acceptance Rerun/run_manifest.json; profile_used.json; system_info.json; raw_telemetry.csv; worker_results/; worker_logs/; advanced_debug/
Core i7-10750H / Intel UHD / GTX 1660 Ti,NVIDIA GeForce GTX 1660 Ti [discrete] 0000:01:00.0; Intel(R) UHD Graphics (CML GT2) [integrated] 0000:00:02.0,x86_64 Integrated and Discrete GPU Acceptance Rerun,x86_id_acceptance_dgpu_stateful,Discrete GPU Vulkan Stateful Dedicated Memory,required,discrete_all,NVIDIA GeForce GTX 1660 Ti,gpu_3d:vulkan_compute,python_vulkan_compute,one per selected GPU / one memory worker as configured,1,N/A,N/A,sustained assigned memory/GPU pressure and verified progress,worker/GPU telemetry; see worker evidence,gpu_3d=90%,gpu assigned=5798203392 achieved=5798207488 ratio=1.0,durable backend-specific verification/readback/integrity evidence,NVIDIA GeForce GTX 1660 Ti:passes=3584 failures=0,600,600.5929728150004,pass,VALIDATED,High,"Correct physical target/backend, sustained progress, positive verification, and required concurrency/allocation",No,results/2026-08-13_14-04-49_x86_64 Integrated and Discrete GPU Acceptance Rerun/run_manifest.json; profile_used.json; system_info.json; raw_telemetry.csv; worker_results/; worker_logs/; advanced_debug/
Core i7-10750H / Intel UHD / GTX 1660 Ti,NVIDIA GeForce GTX 1660 Ti [discrete] 0000:01:00.0; Intel(R) UHD Graphics (CML GT2) [integrated] 0000:00:02.0,x86_64 Integrated and Discrete GPU Acceptance Rerun,x86_id_acceptance_ram_igpu,Combined RAM and iGPU Shared Memory,required,integrated_all,Intel(R) UHD Graphics (CML GT2),memory:native; gpu_3d:vulkan_compute,python_vulkan_compute,one per selected GPU / one memory worker as configured,2,N/A,N/A,sustained assigned memory/GPU pressure and verified progress,"memory used median=29.95 GiB, max=30.03 GiB",memory=70%; gpu_3d=70%,gpu assigned=11999206918 achieved=11999210496 ratio=1.0,durable backend-specific verification/readback/integrity evidence,Intel(R) UHD Graphics (CML GT2):passes=142 failures=0,600,601.525987205001,pass,VALIDATED,High,"Correct physical target/backend, sustained progress, positive verification, and required concurrency/allocation",No,results/2026-08-13_14-04-49_x86_64 Integrated and Discrete GPU Acceptance Rerun/run_manifest.json; profile_used.json; system_info.json; raw_telemetry.csv; worker_results/; worker_logs/; advanced_debug/
Core i7-10750H / Intel UHD / GTX 1660 Ti,NVIDIA GeForce GTX 1660 Ti [discrete] 0000:01:00.0; Intel(R) UHD Graphics (CML GT2) [integrated] 0000:00:02.0,x86_64 Integrated and Discrete GPU Acceptance Rerun,x86_id_acceptance_ram_dgpu,Combined RAM and dGPU Dedicated Memory,required,discrete_all,NVIDIA GeForce GTX 1660 Ti,memory:native; vram:vulkan,python_vulkan_compute,one per selected GPU / one memory worker as configured,2,N/A,N/A,sustained assigned memory/GPU pressure and verified progress,"memory used median=28.80 GiB, max=28.85 GiB",memory=80%; vram=90%,gpu assigned=5798205849 achieved=5798209536 ratio=1.0,durable backend-specific verification/readback/integrity evidence,NVIDIA GeForce GTX 1660 Ti:passes=2220 failures=0,600,602.1544465480038,pass,VALIDATED,High,"Correct physical target/backend, sustained progress, positive verification, and required concurrency/allocation",No,results/2026-08-13_14-04-49_x86_64 Integrated and Discrete GPU Acceptance Rerun/run_manifest.json; profile_used.json; system_info.json; raw_telemetry.csv; worker_results/; worker_logs/; advanced_debug/
Core i7-10750H / Intel UHD / GTX 1660 Ti,NVIDIA GeForce GTX 1660 Ti [discrete] 0000:01:00.0; Intel(R) UHD Graphics (CML GT2) [integrated] 0000:00:02.0,x86_64 Integrated and Discrete GPU Acceptance Rerun,x86_id_acceptance_igpu_dgpu,Combined iGPU and dGPU Compute,required,all,NVIDIA GeForce GTX 1660 Ti; Intel(R) UHD Graphics (CML GT2),gpu_3d:vulkan_compute,python_vulkan_compute,one per selected GPU / one memory worker as configured,2,N/A,N/A,sustained assigned memory/GPU pressure and verified progress,worker/GPU telemetry; see worker evidence,N/A,gpu assigned=228167680 achieved=228171776 ratio=1.0; gpu assigned=50331648 achieved=50335744 ratio=1.0,durable backend-specific verification/readback/integrity evidence,NVIDIA GeForce GTX 1660 Ti:passes=2791 failures=0 | Intel(R) UHD Graphics (CML GT2):passes=1061 failures=0,600,600.517815610001,pass,VALIDATED,High,"Correct physical target/backend, sustained progress, positive verification, and required concurrency/allocation",No,results/2026-08-13_14-04-49_x86_64 Integrated and Discrete GPU Acceptance Rerun/run_manifest.json; profile_used.json; system_info.json; raw_telemetry.csv; worker_results/; worker_logs/; advanced_debug/
Core i7-10750H / Intel UHD / GTX 1660 Ti,NVIDIA GeForce GTX 1660 Ti [discrete] 0000:01:00.0; Intel(R) UHD Graphics (CML GT2) [integrated] 0000:00:02.0,x86_64 Integrated and Discrete GPU Acceptance Rerun,x86_id_acceptance_ram_all_gpu_memory,Combined RAM iGPU and dGPU Memory,required,all,NVIDIA GeForce GTX 1660 Ti; Intel(R) UHD Graphics (CML GT2),memory:native; vram:vulkan,python_vulkan_compute,one per selected GPU / one memory worker as configured,3,N/A,N/A,sustained assigned memory/GPU pressure and verified progress,"memory used median=30.15 GiB, max=30.24 GiB",memory=70%; vram=70%,gpu assigned=4509715660 achieved=4509719552 ratio=1.0; gpu assigned=12110079896 achieved=12110083072 ratio=1.0,durable backend-specific verification/readback/integrity evidence,NVIDIA GeForce GTX 1660 Ti:passes=2393 failures=0 | Intel(R) UHD Graphics (CML GT2):passes=141 failures=0,600,602.043674872999,warning,VALIDATED WITH EXPLAINED WARNING,High,Complete verified concurrency; runtime-guard/thermal warning did not reach emergency or invalidate allocation,No,results/2026-08-13_14-04-49_x86_64 Integrated and Discrete GPU Acceptance Rerun/run_manifest.json; profile_used.json; system_info.json; raw_telemetry.csv; worker_results/; worker_logs/; advanced_debug/
Core i7-10750H / Intel UHD / GTX 1660 Ti,NVIDIA GeForce GTX 1660 Ti [discrete] 0000:01:00.0; Intel(R) UHD Graphics (CML GT2) [integrated] 0000:00:02.0,x86_64 Integrated and Discrete GPU Acceptance Rerun,x86_id_acceptance_full,Combined Full CPU RAM iGPU and dGPU,required,all+all,"CPU 0,1,2,3,4,5,6,7,8,9,10,11; NVIDIA GeForce GTX 1660 Ti; Intel(R) UHD Graphics (CML GT2)",cpu:native; memory:native; gpu_3d:vulkan_compute; vram:vulkan,python_vulkan_compute,12,4,auto,resolved common-safe/native evidence in manifest,near-full target CPU saturation,"aggregate median=100.00%, p10=100.00%, min=100.00%, lowest logical median=100.00%",memory=70%; vram=70%,gpu assigned=4509715660 achieved=4509719552 ratio=1.0; gpu assigned=12116999553 achieved=12117003264 ratio=1.0,durable backend-specific verification/readback/integrity evidence,NVIDIA GeForce GTX 1660 Ti:passes=1975 failures=0 | Intel(R) UHD Graphics (CML GT2):passes=172 failures=0,600,601.1479424300051,warning,VALIDATED WITH EXPLAINED WARNING,High,Complete verified concurrency; runtime-guard/thermal warning did not reach emergency or invalidate allocation,No,results/2026-08-13_14-04-49_x86_64 Integrated and Discrete GPU Acceptance Rerun/run_manifest.json; profile_used.json; system_info.json; raw_telemetry.csv; worker_results/; worker_logs/; advanced_debug/
Ryzen 7 5700G / Radeon Renoir / RTX 5090,NVIDIA GeForce RTX 5090 [discrete] 0000:01:00.0; AMD Radeon Graphics [integrated] 0000:07:00.0,x86_64 Integrated and Discrete GPU Acceptance Rerun,x86_id_acceptance_cpu_stress_ng,CPU stress-ng Verified Saturation,required,logical CPU set,"CPU 0,1,2,3,4,5,6,7,8,9,10,11,12,13,14,15",cpu:stress_ng,stress_ng,16,1,auto,resolved common-safe/native evidence in manifest,near-full target CPU saturation,"aggregate median=100.00%, p10=100.00%, min=99.91%, lowest logical median=100.00%",N/A,N/A,durable backend-specific verification/readback/integrity evidence,"stress_ng:passed=16 failed=0 metrics=[{'bogo_ops': 6748761, 'bogo_ops_per_second_cpu': 715.29, 'bogo_ops_per_second_real': 11248.05, 'real_time_seconds': 599.99, 'stressor': 'cpu', 'system_time_seconds': 3.13, 'user_time_seconds': 9431.92}]",600,600.0921285449999,pass,VALIDATED,High,"Verified worker progress, complete affinity/worker counts, and near-full measured CPU saturation",No,results/2026-08-13_14-07-11_x86_64 Integrated and Discrete GPU Acceptance Rerun/run_manifest.json; profile_used.json; system_info.json; raw_telemetry.csv; worker_results/; worker_logs/; advanced_debug/
Ryzen 7 5700G / Radeon Renoir / RTX 5090,NVIDIA GeForce RTX 5090 [discrete] 0000:01:00.0; AMD Radeon Graphics [integrated] 0000:07:00.0,x86_64 Integrated and Discrete GPU Acceptance Rerun,x86_id_acceptance_cpu_python,CPU Python Verified Saturation,required,logical CPU set,"CPU 0,1,2,3,4,5,6,7,8,9,10,11,12,13,14,15",cpu:python_fallback,python_fallback,16,1,auto,resolved common-safe/native evidence in manifest,near-full target CPU saturation,"aggregate median=100.00%, p10=100.00%, min=100.00%, lowest logical median=100.00%",N/A,N/A,durable backend-specific verification/readback/integrity evidence,python_fallback:passes=108573 failures=0,600,601.3541011640002,pass,VALIDATED,High,"Verified worker progress, complete affinity/worker counts, and near-full measured CPU saturation",No,results/2026-08-13_14-07-11_x86_64 Integrated and Discrete GPU Acceptance Rerun/run_manifest.json; profile_used.json; system_info.json; raw_telemetry.csv; worker_results/; worker_logs/; advanced_debug/
Ryzen 7 5700G / Radeon Renoir / RTX 5090,NVIDIA GeForce RTX 5090 [discrete] 0000:01:00.0; AMD Radeon Graphics [integrated] 0000:07:00.0,x86_64 Integrated and Discrete GPU Acceptance Rerun,x86_id_acceptance_ram_stress_ng,RAM stress-ng Verification Evidence,required,system RAM,none recorded,memory:stress_ng,none recorded,one per selected GPU / one memory worker as configured,0,N/A,N/A,sustained assigned memory/GPU pressure and verified progress,"memory used median=28.81 GiB, max=28.86 GiB",memory=80%,N/A,durable backend-specific verification/readback/integrity evidence,none,600,605.146494266,pass,UNPROVEN DUE TO INSUFFICIENT EVIDENCE,High,Pressure was real but stress-ng was killed before final verified metrics were ingested,Yes,results/2026-08-13_14-07-11_x86_64 Integrated and Discrete GPU Acceptance Rerun/run_manifest.json; profile_used.json; system_info.json; raw_telemetry.csv; worker_results/; worker_logs/; advanced_debug/
Ryzen 7 5700G / Radeon Renoir / RTX 5090,NVIDIA GeForce RTX 5090 [discrete] 0000:01:00.0; AMD Radeon Graphics [integrated] 0000:07:00.0,x86_64 Integrated and Discrete GPU Acceptance Rerun,x86_id_acceptance_ram_python,RAM Python Integrity Evidence,required,system RAM,none recorded,memory:python_fallback,python_fallback,one per selected GPU / one memory worker as configured,1,N/A,N/A,sustained assigned memory/GPU pressure and verified progress,"memory used median=4.20 GiB, max=4.27 GiB",memory=80%,memory assigned=2261966848 achieved=2261966848 ratio=1.0,durable backend-specific verification/readback/integrity evidence,python_fallback:passes=16 failures=552238,600,600.1588721929998,fail,FAILED,High,Deterministic false mismatch when rewrite pattern reached byte value zero,Yes,results/2026-08-13_14-07-11_x86_64 Integrated and Discrete GPU Acceptance Rerun/run_manifest.json; profile_used.json; system_info.json; raw_telemetry.csv; worker_results/; worker_logs/; advanced_debug/
Ryzen 7 5700G / Radeon Renoir / RTX 5090,NVIDIA GeForce RTX 5090 [discrete] 0000:01:00.0; AMD Radeon Graphics [integrated] 0000:07:00.0,x86_64 Integrated and Discrete GPU Acceptance Rerun,x86_id_acceptance_igpu_compute,Integrated GPU Vulkan Compute,required,integrated_all,none recorded,gpu_3d:vulkan_compute,none recorded,one per selected GPU / one memory worker as configured,0,N/A,N/A,sustained assigned memory/GPU pressure and verified progress,worker/GPU telemetry; see worker evidence,N/A,N/A,durable backend-specific verification/readback/integrity evidence,none,600,0,skip,UNEXPECTED SKIP / LVS DEFECT,High,"Vulkan exposed a real AMD integrated GPU, but DRM-only class selection matched no integrated target",Yes for unexecuted transfer/stateful/concurrency,results/2026-08-13_14-07-11_x86_64 Integrated and Discrete GPU Acceptance Rerun/run_manifest.json; profile_used.json; system_info.json; raw_telemetry.csv; worker_results/; worker_logs/; advanced_debug/
Ryzen 7 5700G / Radeon Renoir / RTX 5090,NVIDIA GeForce RTX 5090 [discrete] 0000:01:00.0; AMD Radeon Graphics [integrated] 0000:07:00.0,x86_64 Integrated and Discrete GPU Acceptance Rerun,x86_id_acceptance_igpu_transfer,Integrated GPU Vulkan Transfer,required,integrated_all,none recorded,gpu_3d:vulkan,none recorded,one per selected GPU / one memory worker as configured,0,N/A,N/A,sustained assigned memory/GPU pressure and verified progress,worker/GPU telemetry; see worker evidence,N/A,N/A,durable backend-specific verification/readback/integrity evidence,none,600,0,skip,UNEXPECTED SKIP / LVS DEFECT,High,"Vulkan exposed a real AMD integrated GPU, but DRM-only class selection matched no integrated target",Yes for unexecuted transfer/stateful/concurrency,results/2026-08-13_14-07-11_x86_64 Integrated and Discrete GPU Acceptance Rerun/run_manifest.json; profile_used.json; system_info.json; raw_telemetry.csv; worker_results/; worker_logs/; advanced_debug/
Ryzen 7 5700G / Radeon Renoir / RTX 5090,NVIDIA GeForce RTX 5090 [discrete] 0000:01:00.0; AMD Radeon Graphics [integrated] 0000:07:00.0,x86_64 Integrated and Discrete GPU Acceptance Rerun,x86_id_acceptance_igpu_stateful,Integrated GPU Vulkan Stateful Shared Memory,required,integrated_all,none recorded,gpu_3d:vulkan_compute,none recorded,one per selected GPU / one memory worker as configured,0,N/A,N/A,sustained assigned memory/GPU pressure and verified progress,worker/GPU telemetry; see worker evidence,gpu_3d=80%,N/A,durable backend-specific verification/readback/integrity evidence,none,600,0,skip,UNEXPECTED SKIP / LVS DEFECT,High,"Vulkan exposed a real AMD integrated GPU, but DRM-only class selection matched no integrated target",Yes for unexecuted transfer/stateful/concurrency,results/2026-08-13_14-07-11_x86_64 Integrated and Discrete GPU Acceptance Rerun/run_manifest.json; profile_used.json; system_info.json; raw_telemetry.csv; worker_results/; worker_logs/; advanced_debug/
Ryzen 7 5700G / Radeon Renoir / RTX 5090,NVIDIA GeForce RTX 5090 [discrete] 0000:01:00.0; AMD Radeon Graphics [integrated] 0000:07:00.0,x86_64 Integrated and Discrete GPU Acceptance Rerun,x86_id_acceptance_dgpu_compute,Discrete GPU Vulkan Compute,required,discrete_all,NVIDIA GeForce RTX 5090,gpu_3d:vulkan_compute,python_vulkan_compute,one per selected GPU / one memory worker as configured,1,N/A,N/A,sustained assigned memory/GPU pressure and verified progress,worker/GPU telemetry; see worker evidence,N/A,gpu assigned=1073741824 achieved=1073745920 ratio=1.0,durable backend-specific verification/readback/integrity evidence,NVIDIA GeForce RTX 5090:passes=3151 failures=0,600,600.1941302200003,pass,VALIDATED,High,"Correct physical target/backend, sustained progress, positive verification, and required concurrency/allocation",No,results/2026-08-13_14-07-11_x86_64 Integrated and Discrete GPU Acceptance Rerun/run_manifest.json; profile_used.json; system_info.json; raw_telemetry.csv; worker_results/; worker_logs/; advanced_debug/
Ryzen 7 5700G / Radeon Renoir / RTX 5090,NVIDIA GeForce RTX 5090 [discrete] 0000:01:00.0; AMD Radeon Graphics [integrated] 0000:07:00.0,x86_64 Integrated and Discrete GPU Acceptance Rerun,x86_id_acceptance_dgpu_transfer,Discrete GPU Vulkan Transfer,required,discrete_all,NVIDIA GeForce RTX 5090,gpu_3d:vulkan,python_vulkan_transfer,one per selected GPU / one memory worker as configured,1,N/A,N/A,sustained assigned memory/GPU pressure and verified progress,worker/GPU telemetry; see worker evidence,N/A,gpu assigned=402653184 achieved=805306368 ratio=1.0,durable backend-specific verification/readback/integrity evidence,NVIDIA GeForce RTX 5090:passes=6472 failures=0,600,600.435653558,pass,VALIDATED,High,"Correct physical target/backend, sustained progress, positive verification, and required concurrency/allocation",No,results/2026-08-13_14-07-11_x86_64 Integrated and Discrete GPU Acceptance Rerun/run_manifest.json; profile_used.json; system_info.json; raw_telemetry.csv; worker_results/; worker_logs/; advanced_debug/
Ryzen 7 5700G / Radeon Renoir / RTX 5090,NVIDIA GeForce RTX 5090 [discrete] 0000:01:00.0; AMD Radeon Graphics [integrated] 0000:07:00.0,x86_64 Integrated and Discrete GPU Acceptance Rerun,x86_id_acceptance_dgpu_stateful,Discrete GPU Vulkan Stateful Dedicated Memory,required,discrete_all,NVIDIA GeForce RTX 5090,gpu_3d:vulkan_compute,python_vulkan_compute,one per selected GPU / one memory worker as configured,1,N/A,N/A,sustained assigned memory/GPU pressure and verified progress,worker/GPU telemetry; see worker evidence,gpu_3d=90%,gpu assigned=30771822592 achieved=30771826688 ratio=1.0,durable backend-specific verification/readback/integrity evidence,NVIDIA GeForce RTX 5090:passes=4240 failures=0,600,601.1005577650003,pass,VALIDATED,High,"Correct physical target/backend, sustained progress, positive verification, and required concurrency/allocation",No,results/2026-08-13_14-07-11_x86_64 Integrated and Discrete GPU Acceptance Rerun/run_manifest.json; profile_used.json; system_info.json; raw_telemetry.csv; worker_results/; worker_logs/; advanced_debug/
Ryzen 7 5700G / Radeon Renoir / RTX 5090,NVIDIA GeForce RTX 5090 [discrete] 0000:01:00.0; AMD Radeon Graphics [integrated] 0000:07:00.0,x86_64 Integrated and Discrete GPU Acceptance Rerun,x86_id_acceptance_ram_igpu,Combined RAM and iGPU Shared Memory,required,integrated_all,none recorded,memory:native; gpu_3d:vulkan_compute,none recorded,one per selected GPU / one memory worker as configured,0,N/A,N/A,sustained assigned memory/GPU pressure and verified progress,"memory used median= GiB, max= GiB",memory=70%; gpu_3d=70%,N/A,durable backend-specific verification/readback/integrity evidence,none,600,0,skip,UNEXPECTED SKIP / LVS DEFECT,High,"Vulkan exposed a real AMD integrated GPU, but DRM-only class selection matched no integrated target",Yes for unexecuted transfer/stateful/concurrency,results/2026-08-13_14-07-11_x86_64 Integrated and Discrete GPU Acceptance Rerun/run_manifest.json; profile_used.json; system_info.json; raw_telemetry.csv; worker_results/; worker_logs/; advanced_debug/
Ryzen 7 5700G / Radeon Renoir / RTX 5090,NVIDIA GeForce RTX 5090 [discrete] 0000:01:00.0; AMD Radeon Graphics [integrated] 0000:07:00.0,x86_64 Integrated and Discrete GPU Acceptance Rerun,x86_id_acceptance_ram_dgpu,Combined RAM and dGPU Dedicated Memory,required,discrete_all,NVIDIA GeForce RTX 5090,memory:native; vram:vulkan,python_vulkan_compute,one per selected GPU / one memory worker as configured,2,N/A,N/A,sustained assigned memory/GPU pressure and verified progress,"memory used median=29.01 GiB, max=29.04 GiB",memory=80%; vram=90%,gpu assigned=30771825868 achieved=30771829760 ratio=1.0,durable backend-specific verification/readback/integrity evidence,NVIDIA GeForce RTX 5090:passes=1552 failures=0,600,602.3790662629999,pass,VALIDATED,High,"Correct physical target/backend, sustained progress, positive verification, and required concurrency/allocation",No,results/2026-08-13_14-07-11_x86_64 Integrated and Discrete GPU Acceptance Rerun/run_manifest.json; profile_used.json; system_info.json; raw_telemetry.csv; worker_results/; worker_logs/; advanced_debug/
Ryzen 7 5700G / Radeon Renoir / RTX 5090,NVIDIA GeForce RTX 5090 [discrete] 0000:01:00.0; AMD Radeon Graphics [integrated] 0000:07:00.0,x86_64 Integrated and Discrete GPU Acceptance Rerun,x86_id_acceptance_igpu_dgpu,Combined iGPU and dGPU Compute,required,all,NVIDIA GeForce RTX 5090; AMD Radeon Graphics (RADV RENOIR),gpu_3d:vulkan_compute,python_vulkan_compute,one per selected GPU / one memory worker as configured,2,N/A,N/A,sustained assigned memory/GPU pressure and verified progress,worker/GPU telemetry; see worker evidence,N/A,gpu assigned=1073741824 achieved=1073745920 ratio=1.0; gpu assigned=50331648 achieved=50335744 ratio=1.0,durable backend-specific verification/readback/integrity evidence,NVIDIA GeForce RTX 5090:passes=3158 failures=0 | AMD Radeon Graphics (RADV RENOIR):passes=4837 failures=0,600,601.102353585,pass,VALIDATED,High,"Correct physical target/backend, sustained progress, positive verification, and required concurrency/allocation",No,results/2026-08-13_14-07-11_x86_64 Integrated and Discrete GPU Acceptance Rerun/run_manifest.json; profile_used.json; system_info.json; raw_telemetry.csv; worker_results/; worker_logs/; advanced_debug/
Ryzen 7 5700G / Radeon Renoir / RTX 5090,NVIDIA GeForce RTX 5090 [discrete] 0000:01:00.0; AMD Radeon Graphics [integrated] 0000:07:00.0,x86_64 Integrated and Discrete GPU Acceptance Rerun,x86_id_acceptance_ram_all_gpu_memory,Combined RAM iGPU and dGPU Memory,required,all,NVIDIA GeForce RTX 5090; AMD Radeon Graphics (RADV RENOIR),memory:native; vram:vulkan,python_vulkan_compute,one per selected GPU / one memory worker as configured,3,N/A,N/A,sustained assigned memory/GPU pressure and verified progress,"memory used median=23.41 GiB, max=23.48 GiB",memory=70%; vram=70%,gpu assigned=23933642342 achieved=23933645824 ratio=1.0; gpu assigned=6977713729 achieved=483187712 ratio=0.069247,durable backend-specific verification/readback/integrity evidence,NVIDIA GeForce RTX 5090:passes=1726 failures=0 | AMD Radeon Graphics (RADV RENOIR):passes=2344 failures=0,600,603.2310864409992,fail,FAILED,High,AMD APU stateful worker achieved only 6.9-7.4% after carved-out VRAM capped the shared assignment,Yes,results/2026-08-13_14-07-11_x86_64 Integrated and Discrete GPU Acceptance Rerun/run_manifest.json; profile_used.json; system_info.json; raw_telemetry.csv; worker_results/; worker_logs/; advanced_debug/
Ryzen 7 5700G / Radeon Renoir / RTX 5090,NVIDIA GeForce RTX 5090 [discrete] 0000:01:00.0; AMD Radeon Graphics [integrated] 0000:07:00.0,x86_64 Integrated and Discrete GPU Acceptance Rerun,x86_id_acceptance_full,Combined Full CPU RAM iGPU and dGPU,required,all+all,"CPU 0,1,2,3,4,5,6,7,8,9,10,11,12,13,14,15; AMD Radeon Graphics (RADV RENOIR); NVIDIA GeForce RTX 5090",cpu:native; memory:native; gpu_3d:vulkan_compute; vram:vulkan,python_vulkan_compute,16,4,auto,resolved common-safe/native evidence in manifest,near-full target CPU saturation,"aggregate median=100.00%, p10=100.00%, min=100.00%, lowest logical median=100.00%",memory=70%; vram=70%,gpu assigned=50331648 achieved=50335744 ratio=1.0; gpu assigned=23933642342 achieved=23933645824 ratio=1.0,durable backend-specific verification/readback/integrity evidence,AMD Radeon Graphics (RADV RENOIR):passes=3149 failures=0 | NVIDIA GeForce RTX 5090:passes=2712 failures=0,600,602.8351949199996,pass,"PARTIALLY EXECUTED, NOT VALIDATED",High,"CPU/RAM/discrete GPU and APU compute ran, but required AMD shared-stateful allocation was omitted",Yes,results/2026-08-13_14-07-11_x86_64 Integrated and Discrete GPU Acceptance Rerun/run_manifest.json; profile_used.json; system_info.json; raw_telemetry.csv; worker_results/; worker_logs/; advanced_debug/
Core Ultra 9 285K / Intel ARL / Radeon AI PRO R9700,AMD Radeon AI PRO R9700 [discrete] 0000:04:00.0; Mesa Intel(R) Graphics (ARL) [integrated] 0000:00:02.0,x86_64 Integrated and Discrete GPU Acceptance Rerun,x86_id_acceptance_cpu_stress_ng,CPU stress-ng Verified Saturation,required,logical CPU set,"CPU 0,1,2,3,4,5,6,7,8,9,10,11,12,13,14,15,16,17,18,19,20,21,22,23",cpu:stress_ng,stress_ng,24,1,auto,resolved common-safe/native evidence in manifest,near-full target CPU saturation,"aggregate median=100.00%, p10=100.00%, min=92.48%, lowest logical median=100.00%",N/A,N/A,durable backend-specific verification/readback/integrity evidence,"stress_ng:passed=24 failed=0 metrics=[{'bogo_ops': 47118700, 'bogo_ops_per_second_cpu': 3286.97, 'bogo_ops_per_second_real': 78523.73, 'real_time_seconds': 600.06, 'stressor': 'cpu', 'system_time_seconds': 0.56, 'user_time_seconds': 14334.44}]",600,600.0752538170054,pass,VALIDATED,High,"Verified worker progress, complete affinity/worker counts, and near-full measured CPU saturation",No,results/2026-08-13_14-10-33_x86_64 Integrated and Discrete GPU Acceptance Rerun/run_manifest.json; profile_used.json; system_info.json; raw_telemetry.csv; worker_results/; worker_logs/; advanced_debug/
Core Ultra 9 285K / Intel ARL / Radeon AI PRO R9700,AMD Radeon AI PRO R9700 [discrete] 0000:04:00.0; Mesa Intel(R) Graphics (ARL) [integrated] 0000:00:02.0,x86_64 Integrated and Discrete GPU Acceptance Rerun,x86_id_acceptance_cpu_python,CPU Python Verified Saturation,required,logical CPU set,"CPU 0,1,2,3,4,5,6,7,8,9,10,11,12,13,14,15,16,17,18,19,20,21,22,23",cpu:python_fallback,python_fallback,24,1,auto,resolved common-safe/native evidence in manifest,near-full target CPU saturation,"aggregate median=100.00%, p10=100.00%, min=100.00%, lowest logical median=100.00%",N/A,N/A,durable backend-specific verification/readback/integrity evidence,python_fallback:passes=392231 failures=0,600,600.4327654919907,pass,VALIDATED,High,"Verified worker progress, complete affinity/worker counts, and near-full measured CPU saturation",No,results/2026-08-13_14-10-33_x86_64 Integrated and Discrete GPU Acceptance Rerun/run_manifest.json; profile_used.json; system_info.json; raw_telemetry.csv; worker_results/; worker_logs/; advanced_debug/
Core Ultra 9 285K / Intel ARL / Radeon AI PRO R9700,AMD Radeon AI PRO R9700 [discrete] 0000:04:00.0; Mesa Intel(R) Graphics (ARL) [integrated] 0000:00:02.0,x86_64 Integrated and Discrete GPU Acceptance Rerun,x86_id_acceptance_ram_stress_ng,RAM stress-ng Verification Evidence,required,system RAM,none recorded,memory:stress_ng,none recorded,one per selected GPU / one memory worker as configured,0,N/A,N/A,sustained assigned memory/GPU pressure and verified progress,"memory used median=82.81 GiB, max=82.94 GiB",memory=80%,N/A,durable backend-specific verification/readback/integrity evidence,none,600,605.1415786239959,pass,UNPROVEN DUE TO INSUFFICIENT EVIDENCE,High,Pressure was real but stress-ng was killed before final verified metrics were ingested,Yes,results/2026-08-13_14-10-33_x86_64 Integrated and Discrete GPU Acceptance Rerun/run_manifest.json; profile_used.json; system_info.json; raw_telemetry.csv; worker_results/; worker_logs/; advanced_debug/
Core Ultra 9 285K / Intel ARL / Radeon AI PRO R9700,AMD Radeon AI PRO R9700 [discrete] 0000:04:00.0; Mesa Intel(R) Graphics (ARL) [integrated] 0000:00:02.0,x86_64 Integrated and Discrete GPU Acceptance Rerun,x86_id_acceptance_ram_python,RAM Python Integrity Evidence,required,system RAM,none recorded,memory:python_fallback,python_fallback,one per selected GPU / one memory worker as configured,1,N/A,N/A,sustained assigned memory/GPU pressure and verified progress,"memory used median=7.59 GiB, max=82.31 GiB",memory=80%,memory assigned=80055209984 achieved=80055209984 ratio=1.0,durable backend-specific verification/readback/integrity evidence,python_fallback:passes=16 failures=19544729,600,600.6679592810106,fail,FAILED,High,Deterministic false mismatch when rewrite pattern reached byte value zero,Yes,results/2026-08-13_14-10-33_x86_64 Integrated and Discrete GPU Acceptance Rerun/run_manifest.json; profile_used.json; system_info.json; raw_telemetry.csv; worker_results/; worker_logs/; advanced_debug/
Core Ultra 9 285K / Intel ARL / Radeon AI PRO R9700,AMD Radeon AI PRO R9700 [discrete] 0000:04:00.0; Mesa Intel(R) Graphics (ARL) [integrated] 0000:00:02.0,x86_64 Integrated and Discrete GPU Acceptance Rerun,x86_id_acceptance_igpu_compute,Integrated GPU Vulkan Compute,required,integrated_all,Intel(R) Graphics (ARL),gpu_3d:vulkan_compute,python_vulkan_compute,one per selected GPU / one memory worker as configured,1,N/A,N/A,sustained assigned memory/GPU pressure and verified progress,worker/GPU telemetry; see worker evidence,N/A,gpu assigned=100663296 achieved=100667392 ratio=1.0,durable backend-specific verification/readback/integrity evidence,Intel(R) Graphics (ARL):passes=1622 failures=0,600,600.3860983460036,pass,VALIDATED,High,"Correct physical target/backend, sustained progress, positive verification, and required concurrency/allocation",No,results/2026-08-13_14-10-33_x86_64 Integrated and Discrete GPU Acceptance Rerun/run_manifest.json; profile_used.json; system_info.json; raw_telemetry.csv; worker_results/; worker_logs/; advanced_debug/
Core Ultra 9 285K / Intel ARL / Radeon AI PRO R9700,AMD Radeon AI PRO R9700 [discrete] 0000:04:00.0; Mesa Intel(R) Graphics (ARL) [integrated] 0000:00:02.0,x86_64 Integrated and Discrete GPU Acceptance Rerun,x86_id_acceptance_igpu_transfer,Integrated GPU Vulkan Transfer,required,integrated_all,Intel(R) Graphics (ARL),gpu_3d:vulkan,python_vulkan_transfer,one per selected GPU / one memory worker as configured,1,N/A,N/A,sustained assigned memory/GPU pressure and verified progress,worker/GPU telemetry; see worker evidence,N/A,gpu assigned=117440512 achieved=234881024 ratio=1.0,durable backend-specific verification/readback/integrity evidence,Intel(R) Graphics (ARL):passes=18390 failures=0,600,618.1036103579972,pass,VALIDATED,High,"Correct physical target/backend, sustained progress, positive verification, and required concurrency/allocation",No,results/2026-08-13_14-10-33_x86_64 Integrated and Discrete GPU Acceptance Rerun/run_manifest.json; profile_used.json; system_info.json; raw_telemetry.csv; worker_results/; worker_logs/; advanced_debug/
Core Ultra 9 285K / Intel ARL / Radeon AI PRO R9700,AMD Radeon AI PRO R9700 [discrete] 0000:04:00.0; Mesa Intel(R) Graphics (ARL) [integrated] 0000:00:02.0,x86_64 Integrated and Discrete GPU Acceptance Rerun,x86_id_acceptance_igpu_stateful,Integrated GPU Vulkan Stateful Shared Memory,required,integrated_all,Intel(R) Graphics (ARL),gpu_3d:vulkan_compute,python_vulkan_compute,one per selected GPU / one memory worker as configured,1,N/A,N/A,sustained assigned memory/GPU pressure and verified progress,worker/GPU telemetry; see worker evidence,gpu_3d=80%,gpu assigned=60404261683 achieved=60404264960 ratio=1.0,durable backend-specific verification/readback/integrity evidence,Intel(R) Graphics (ARL):passes=110 failures=0,600,601.2105740550032,pass,VALIDATED,High,"Correct physical target/backend, sustained progress, positive verification, and required concurrency/allocation",No,results/2026-08-13_14-10-33_x86_64 Integrated and Discrete GPU Acceptance Rerun/run_manifest.json; profile_used.json; system_info.json; raw_telemetry.csv; worker_results/; worker_logs/; advanced_debug/
Core Ultra 9 285K / Intel ARL / Radeon AI PRO R9700,AMD Radeon AI PRO R9700 [discrete] 0000:04:00.0; Mesa Intel(R) Graphics (ARL) [integrated] 0000:00:02.0,x86_64 Integrated and Discrete GPU Acceptance Rerun,x86_id_acceptance_dgpu_compute,Discrete GPU Vulkan Compute,required,discrete_all,AMD Radeon AI PRO R9700 (RADV GFX1201),gpu_3d:vulkan_compute,python_vulkan_compute,one per selected GPU / one memory worker as configured,1,N/A,N/A,sustained assigned memory/GPU pressure and verified progress,worker/GPU telemetry; see worker evidence,N/A,gpu assigned=1073741824 achieved=1073745920 ratio=1.0,durable backend-specific verification/readback/integrity evidence,AMD Radeon AI PRO R9700 (RADV GFX1201):passes=731 failures=0,600,600.976452679999,pass,VALIDATED,High,"Correct physical target/backend, sustained progress, positive verification, and required concurrency/allocation",No,results/2026-08-13_14-10-33_x86_64 Integrated and Discrete GPU Acceptance Rerun/run_manifest.json; profile_used.json; system_info.json; raw_telemetry.csv; worker_results/; worker_logs/; advanced_debug/
Core Ultra 9 285K / Intel ARL / Radeon AI PRO R9700,AMD Radeon AI PRO R9700 [discrete] 0000:04:00.0; Mesa Intel(R) Graphics (ARL) [integrated] 0000:00:02.0,x86_64 Integrated and Discrete GPU Acceptance Rerun,x86_id_acceptance_dgpu_transfer,Discrete GPU Vulkan Transfer,required,discrete_all,AMD Radeon AI PRO R9700 (RADV GFX1201),gpu_3d:vulkan,python_vulkan_transfer,one per selected GPU / one memory worker as configured,1,N/A,N/A,sustained assigned memory/GPU pressure and verified progress,worker/GPU telemetry; see worker evidence,N/A,gpu assigned=402653184 achieved=805306368 ratio=1.0,durable backend-specific verification/readback/integrity evidence,AMD Radeon AI PRO R9700 (RADV GFX1201):passes=9806 failures=0,600,601.091597777995,pass,VALIDATED,High,"Correct physical target/backend, sustained progress, positive verification, and required concurrency/allocation",No,results/2026-08-13_14-10-33_x86_64 Integrated and Discrete GPU Acceptance Rerun/run_manifest.json; profile_used.json; system_info.json; raw_telemetry.csv; worker_results/; worker_logs/; advanced_debug/
Core Ultra 9 285K / Intel ARL / Radeon AI PRO R9700,AMD Radeon AI PRO R9700 [discrete] 0000:04:00.0; Mesa Intel(R) Graphics (ARL) [integrated] 0000:00:02.0,x86_64 Integrated and Discrete GPU Acceptance Rerun,x86_id_acceptance_dgpu_stateful,Discrete GPU Vulkan Stateful Dedicated Memory,required,discrete_all,AMD Radeon AI PRO R9700 (RADV GFX1201),gpu_3d:vulkan_compute,python_vulkan_compute,one per selected GPU / one memory worker as configured,1,N/A,N/A,sustained assigned memory/GPU pressure and verified progress,worker/GPU telemetry; see worker evidence,gpu_3d=90%,gpu assigned=30787866624 achieved=30787870720 ratio=1.0,durable backend-specific verification/readback/integrity evidence,AMD Radeon AI PRO R9700 (RADV GFX1201):passes=1843 failures=0,600,600.3916704789881,pass,VALIDATED,High,"Correct physical target/backend, sustained progress, positive verification, and required concurrency/allocation",No,results/2026-08-13_14-10-33_x86_64 Integrated and Discrete GPU Acceptance Rerun/run_manifest.json; profile_used.json; system_info.json; raw_telemetry.csv; worker_results/; worker_logs/; advanced_debug/
Core Ultra 9 285K / Intel ARL / Radeon AI PRO R9700,AMD Radeon AI PRO R9700 [discrete] 0000:04:00.0; Mesa Intel(R) Graphics (ARL) [integrated] 0000:00:02.0,x86_64 Integrated and Discrete GPU Acceptance Rerun,x86_id_acceptance_ram_igpu,Combined RAM and iGPU Shared Memory,required,integrated_all,Intel(R) Graphics (ARL),memory:native; gpu_3d:vulkan_compute,python_vulkan_compute,one per selected GPU / one memory worker as configured,2,N/A,N/A,sustained assigned memory/GPU pressure and verified progress,"memory used median=92.03 GiB, max=92.13 GiB",memory=70%; gpu_3d=70%,gpu assigned=38906411886 achieved=38906415104 ratio=1.0,durable backend-specific verification/readback/integrity evidence,Intel(R) Graphics (ARL):passes=71 failures=0,600,601.7413613079989,pass,VALIDATED,High,"Correct physical target/backend, sustained progress, positive verification, and required concurrency/allocation",No,results/2026-08-13_14-10-33_x86_64 Integrated and Discrete GPU Acceptance Rerun/run_manifest.json; profile_used.json; system_info.json; raw_telemetry.csv; worker_results/; worker_logs/; advanced_debug/
Core Ultra 9 285K / Intel ARL / Radeon AI PRO R9700,AMD Radeon AI PRO R9700 [discrete] 0000:04:00.0; Mesa Intel(R) Graphics (ARL) [integrated] 0000:00:02.0,x86_64 Integrated and Discrete GPU Acceptance Rerun,x86_id_acceptance_ram_dgpu,Combined RAM and dGPU Dedicated Memory,required,discrete_all,AMD Radeon AI PRO R9700 (RADV GFX1201),memory:native; vram:vulkan,python_vulkan_compute,one per selected GPU / one memory worker as configured,2,N/A,N/A,sustained assigned memory/GPU pressure and verified progress,"memory used median=82.46 GiB, max=82.62 GiB",memory=80%; vram=90%,gpu assigned=30787869081 achieved=30787872768 ratio=1.0,durable backend-specific verification/readback/integrity evidence,AMD Radeon AI PRO R9700 (RADV GFX1201):passes=1776 failures=0,600,601.9949548049917,pass,VALIDATED,High,"Correct physical target/backend, sustained progress, positive verification, and required concurrency/allocation",No,results/2026-08-13_14-10-33_x86_64 Integrated and Discrete GPU Acceptance Rerun/run_manifest.json; profile_used.json; system_info.json; raw_telemetry.csv; worker_results/; worker_logs/; advanced_debug/
Core Ultra 9 285K / Intel ARL / Radeon AI PRO R9700,AMD Radeon AI PRO R9700 [discrete] 0000:04:00.0; Mesa Intel(R) Graphics (ARL) [integrated] 0000:00:02.0,x86_64 Integrated and Discrete GPU Acceptance Rerun,x86_id_acceptance_igpu_dgpu,Combined iGPU and dGPU Compute,required,all,Intel(R) Graphics (ARL); AMD Radeon AI PRO R9700 (RADV GFX1201),gpu_3d:vulkan_compute,python_vulkan_compute,one per selected GPU / one memory worker as configured,2,N/A,N/A,sustained assigned memory/GPU pressure and verified progress,worker/GPU telemetry; see worker evidence,N/A,gpu assigned=100663296 achieved=100667392 ratio=1.0; gpu assigned=1073741824 achieved=1073745920 ratio=1.0,durable backend-specific verification/readback/integrity evidence,Intel(R) Graphics (ARL):passes=1534 failures=0 | AMD Radeon AI PRO R9700 (RADV GFX1201):passes=690 failures=0,600,600.6784893430013,pass,VALIDATED,High,"Correct physical target/backend, sustained progress, positive verification, and required concurrency/allocation",No,results/2026-08-13_14-10-33_x86_64 Integrated and Discrete GPU Acceptance Rerun/run_manifest.json; profile_used.json; system_info.json; raw_telemetry.csv; worker_results/; worker_logs/; advanced_debug/
Core Ultra 9 285K / Intel ARL / Radeon AI PRO R9700,AMD Radeon AI PRO R9700 [discrete] 0000:04:00.0; Mesa Intel(R) Graphics (ARL) [integrated] 0000:00:02.0,x86_64 Integrated and Discrete GPU Acceptance Rerun,x86_id_acceptance_ram_all_gpu_memory,Combined RAM iGPU and dGPU Memory,required,all,Intel(R) Graphics (ARL); AMD Radeon AI PRO R9700 (RADV GFX1201),memory:native; vram:vulkan,python_vulkan_compute,one per selected GPU / one memory worker as configured,3,N/A,N/A,sustained assigned memory/GPU pressure and verified progress,"memory used median=92.61 GiB, max=92.87 GiB",memory=70%; vram=70%,gpu assigned=39240552318 achieved=39240555520 ratio=1.0; gpu assigned=23946120396 achieved=23946124288 ratio=1.0,durable backend-specific verification/readback/integrity evidence,Intel(R) Graphics (ARL):passes=71 failures=0 | AMD Radeon AI PRO R9700 (RADV GFX1201):passes=2255 failures=0,600,601.3671026309894,warning,VALIDATED WITH EXPLAINED WARNING,High,Complete verified concurrency; runtime-guard/thermal warning did not reach emergency or invalidate allocation,No,results/2026-08-13_14-10-33_x86_64 Integrated and Discrete GPU Acceptance Rerun/run_manifest.json; profile_used.json; system_info.json; raw_telemetry.csv; worker_results/; worker_logs/; advanced_debug/
Core Ultra 9 285K / Intel ARL / Radeon AI PRO R9700,AMD Radeon AI PRO R9700 [discrete] 0000:04:00.0; Mesa Intel(R) Graphics (ARL) [integrated] 0000:00:02.0,x86_64 Integrated and Discrete GPU Acceptance Rerun,x86_id_acceptance_full,Combined Full CPU RAM iGPU and dGPU,required,all+all,"CPU 0,1,2,3,4,5,6,7,8,9,10,11,12,13,14,15,16,17,18,19,20,21,22,23; Intel(R) Graphics (ARL); AMD Radeon AI PRO R9700 (RADV GFX1201)",cpu:native; memory:native; gpu_3d:vulkan_compute; vram:vulkan,python_vulkan_compute,24,4,auto,resolved common-safe/native evidence in manifest,near-full target CPU saturation,"aggregate median=100.00%, p10=100.00%, min=100.00%, lowest logical median=100.00%",memory=70%; vram=70%,gpu assigned=39404713519 achieved=39404717056 ratio=1.0; gpu assigned=23946120396 achieved=23946124288 ratio=1.0,durable backend-specific verification/readback/integrity evidence,Intel(R) Graphics (ARL):passes=81 failures=0 | AMD Radeon AI PRO R9700 (RADV GFX1201):passes=2134 failures=0,600,601.9817386719951,warning,VALIDATED WITH EXPLAINED WARNING,High,Complete verified concurrency; runtime-guard/thermal warning did not reach emergency or invalidate allocation,No,results/2026-08-13_14-10-33_x86_64 Integrated and Discrete GPU Acceptance Rerun/run_manifest.json; profile_used.json; system_info.json; raw_telemetry.csv; worker_results/; worker_logs/; advanced_debug/
Core i9-14900 / Intel RPL-S / RTX 5090,NVIDIA GeForce RTX 5090 [discrete] 0000:02:00.0; Intel(R) Graphics (RPL-S) [integrated] 0000:00:02.0,x86_64 Integrated and Discrete GPU Acceptance Rerun,x86_id_acceptance_cpu_stress_ng,CPU stress-ng Verified Saturation,required,logical CPU set,"CPU 0,1,2,3,4,5,6,7,8,9,10,11,12,13,14,15,16,17,18,19,20,21,22,23,24,25,26,27,28,29,30,31",cpu:stress_ng,stress_ng,32,1,auto,resolved common-safe/native evidence in manifest,near-full target CPU saturation,"aggregate median=100.00%, p10=98.15%, min=95.85%, lowest logical median=100.00%",N/A,N/A,durable backend-specific verification/readback/integrity evidence,"stress_ng:passed=32 failed=0 metrics=[{'bogo_ops': 19441951, 'bogo_ops_per_second_cpu': 1022.48, 'bogo_ops_per_second_real': 32333.17, 'real_time_seconds': 601.3, 'stressor': 'cpu', 'system_time_seconds': 2.55, 'user_time_seconds': 19012.02}]",600,601.3355998190091,pass,VALIDATED,High,"Verified worker progress, complete affinity/worker counts, and near-full measured CPU saturation",No,results/2026-08-13_14-12-23_x86_64 Integrated and Discrete GPU Acceptance Rerun/run_manifest.json; profile_used.json; system_info.json; raw_telemetry.csv; worker_results/; worker_logs/; advanced_debug/
Core i9-14900 / Intel RPL-S / RTX 5090,NVIDIA GeForce RTX 5090 [discrete] 0000:02:00.0; Intel(R) Graphics (RPL-S) [integrated] 0000:00:02.0,x86_64 Integrated and Discrete GPU Acceptance Rerun,x86_id_acceptance_cpu_python,CPU Python Verified Saturation,required,logical CPU set,"CPU 0,1,2,3,4,5,6,7,8,9,10,11,12,13,14,15,16,17,18,19,20,21,22,23,24,25,26,27,28,29,30,31",cpu:python_fallback,python_fallback,32,1,auto,resolved common-safe/native evidence in manifest,near-full target CPU saturation,"aggregate median=100.00%, p10=100.00%, min=100.00%, lowest logical median=100.00%",N/A,N/A,durable backend-specific verification/readback/integrity evidence,python_fallback:passes=153121 failures=0,600,601.4166313089954,pass,VALIDATED,High,"Verified worker progress, complete affinity/worker counts, and near-full measured CPU saturation",No,results/2026-08-13_14-12-23_x86_64 Integrated and Discrete GPU Acceptance Rerun/run_manifest.json; profile_used.json; system_info.json; raw_telemetry.csv; worker_results/; worker_logs/; advanced_debug/
Core i9-14900 / Intel RPL-S / RTX 5090,NVIDIA GeForce RTX 5090 [discrete] 0000:02:00.0; Intel(R) Graphics (RPL-S) [integrated] 0000:00:02.0,x86_64 Integrated and Discrete GPU Acceptance Rerun,x86_id_acceptance_ram_stress_ng,RAM stress-ng Verification Evidence,required,system RAM,none recorded,memory:stress_ng,none recorded,one per selected GPU / one memory worker as configured,0,N/A,N/A,sustained assigned memory/GPU pressure and verified progress,"memory used median=56.18 GiB, max=56.27 GiB",memory=80%,N/A,durable backend-specific verification/readback/integrity evidence,none,600,606.0293671140098,pass,UNPROVEN DUE TO INSUFFICIENT EVIDENCE,High,Pressure was real but stress-ng was killed before final verified metrics were ingested,Yes,results/2026-08-13_14-12-23_x86_64 Integrated and Discrete GPU Acceptance Rerun/run_manifest.json; profile_used.json; system_info.json; raw_telemetry.csv; worker_results/; worker_logs/; advanced_debug/
Core i9-14900 / Intel RPL-S / RTX 5090,NVIDIA GeForce RTX 5090 [discrete] 0000:02:00.0; Intel(R) Graphics (RPL-S) [integrated] 0000:00:02.0,x86_64 Integrated and Discrete GPU Acceptance Rerun,x86_id_acceptance_ram_python,RAM Python Integrity Evidence,required,system RAM,none recorded,memory:python_fallback,python_fallback,one per selected GPU / one memory worker as configured,1,N/A,N/A,sustained assigned memory/GPU pressure and verified progress,"memory used median=6.19 GiB, max=37.00 GiB",memory=80%,memory assigned=32967602176 achieved=32967602176 ratio=1.0,durable backend-specific verification/readback/integrity evidence,python_fallback:passes=16 failures=8048731,600,600.2110897219973,fail,FAILED,High,Deterministic false mismatch when rewrite pattern reached byte value zero,Yes,results/2026-08-13_14-12-23_x86_64 Integrated and Discrete GPU Acceptance Rerun/run_manifest.json; profile_used.json; system_info.json; raw_telemetry.csv; worker_results/; worker_logs/; advanced_debug/
Core i9-14900 / Intel RPL-S / RTX 5090,NVIDIA GeForce RTX 5090 [discrete] 0000:02:00.0; Intel(R) Graphics (RPL-S) [integrated] 0000:00:02.0,x86_64 Integrated and Discrete GPU Acceptance Rerun,x86_id_acceptance_igpu_compute,Integrated GPU Vulkan Compute,required,integrated_all,Intel(R) Graphics (RPL-S),gpu_3d:vulkan_compute,python_vulkan_compute,one per selected GPU / one memory worker as configured,1,N/A,N/A,sustained assigned memory/GPU pressure and verified progress,worker/GPU telemetry; see worker evidence,N/A,gpu assigned=75829248 achieved=75833344 ratio=1.0,durable backend-specific verification/readback/integrity evidence,Intel(R) Graphics (RPL-S):passes=909 failures=0,600,600.4856302180124,pass,VALIDATED,High,"Correct physical target/backend, sustained progress, positive verification, and required concurrency/allocation",No,results/2026-08-13_14-12-23_x86_64 Integrated and Discrete GPU Acceptance Rerun/run_manifest.json; profile_used.json; system_info.json; raw_telemetry.csv; worker_results/; worker_logs/; advanced_debug/
Core i9-14900 / Intel RPL-S / RTX 5090,NVIDIA GeForce RTX 5090 [discrete] 0000:02:00.0; Intel(R) Graphics (RPL-S) [integrated] 0000:00:02.0,x86_64 Integrated and Discrete GPU Acceptance Rerun,x86_id_acceptance_igpu_transfer,Integrated GPU Vulkan Transfer,required,integrated_all,Intel(R) Graphics (RPL-S),gpu_3d:vulkan,python_vulkan_transfer,one per selected GPU / one memory worker as configured,1,N/A,N/A,sustained assigned memory/GPU pressure and verified progress,worker/GPU telemetry; see worker evidence,N/A,gpu assigned=75829248 achieved=151658496 ratio=1.0,durable backend-specific verification/readback/integrity evidence,Intel(R) Graphics (RPL-S):passes=14123 failures=0,600,600.2923063220078,pass,VALIDATED,High,"Correct physical target/backend, sustained progress, positive verification, and required concurrency/allocation",No,results/2026-08-13_14-12-23_x86_64 Integrated and Discrete GPU Acceptance Rerun/run_manifest.json; profile_used.json; system_info.json; raw_telemetry.csv; worker_results/; worker_logs/; advanced_debug/
Core i9-14900 / Intel RPL-S / RTX 5090,NVIDIA GeForce RTX 5090 [discrete] 0000:02:00.0; Intel(R) Graphics (RPL-S) [integrated] 0000:00:02.0,x86_64 Integrated and Discrete GPU Acceptance Rerun,x86_id_acceptance_igpu_stateful,Integrated GPU Vulkan Stateful Shared Memory,required,integrated_all,Intel(R) Graphics (RPL-S),gpu_3d:vulkan_compute,python_vulkan_compute,one per selected GPU / one memory worker as configured,1,N/A,N/A,sustained assigned memory/GPU pressure and verified progress,worker/GPU telemetry; see worker evidence,gpu_3d=80%,gpu assigned=40212148224 achieved=40212152320 ratio=1.0,durable backend-specific verification/readback/integrity evidence,Intel(R) Graphics (RPL-S):passes=89 failures=0,600,601.1235755980015,pass,VALIDATED,High,"Correct physical target/backend, sustained progress, positive verification, and required concurrency/allocation",No,results/2026-08-13_14-12-23_x86_64 Integrated and Discrete GPU Acceptance Rerun/run_manifest.json; profile_used.json; system_info.json; raw_telemetry.csv; worker_results/; worker_logs/; advanced_debug/
Core i9-14900 / Intel RPL-S / RTX 5090,NVIDIA GeForce RTX 5090 [discrete] 0000:02:00.0; Intel(R) Graphics (RPL-S) [integrated] 0000:00:02.0,x86_64 Integrated and Discrete GPU Acceptance Rerun,x86_id_acceptance_dgpu_compute,Discrete GPU Vulkan Compute,required,discrete_all,NVIDIA GeForce RTX 5090,gpu_3d:vulkan_compute,python_vulkan_compute,one per selected GPU / one memory worker as configured,1,N/A,N/A,sustained assigned memory/GPU pressure and verified progress,worker/GPU telemetry; see worker evidence,N/A,gpu assigned=1073741824 achieved=1073745920 ratio=1.0,durable backend-specific verification/readback/integrity evidence,NVIDIA GeForce RTX 5090:passes=2897 failures=0,600,600.8092039399926,pass,VALIDATED,High,"Correct physical target/backend, sustained progress, positive verification, and required concurrency/allocation",No,results/2026-08-13_14-12-23_x86_64 Integrated and Discrete GPU Acceptance Rerun/run_manifest.json; profile_used.json; system_info.json; raw_telemetry.csv; worker_results/; worker_logs/; advanced_debug/
Core i9-14900 / Intel RPL-S / RTX 5090,NVIDIA GeForce RTX 5090 [discrete] 0000:02:00.0; Intel(R) Graphics (RPL-S) [integrated] 0000:00:02.0,x86_64 Integrated and Discrete GPU Acceptance Rerun,x86_id_acceptance_dgpu_transfer,Discrete GPU Vulkan Transfer,required,discrete_all,NVIDIA GeForce RTX 5090,gpu_3d:vulkan,python_vulkan_transfer,one per selected GPU / one memory worker as configured,1,N/A,N/A,sustained assigned memory/GPU pressure and verified progress,worker/GPU telemetry; see worker evidence,N/A,gpu assigned=402653184 achieved=805306368 ratio=1.0,durable backend-specific verification/readback/integrity evidence,NVIDIA GeForce RTX 5090:passes=6408 failures=0,600,600.1539160690008,pass,VALIDATED,High,"Correct physical target/backend, sustained progress, positive verification, and required concurrency/allocation",No,results/2026-08-13_14-12-23_x86_64 Integrated and Discrete GPU Acceptance Rerun/run_manifest.json; profile_used.json; system_info.json; raw_telemetry.csv; worker_results/; worker_logs/; advanced_debug/
Core i9-14900 / Intel RPL-S / RTX 5090,NVIDIA GeForce RTX 5090 [discrete] 0000:02:00.0; Intel(R) Graphics (RPL-S) [integrated] 0000:00:02.0,x86_64 Integrated and Discrete GPU Acceptance Rerun,x86_id_acceptance_dgpu_stateful,Discrete GPU Vulkan Stateful Dedicated Memory,required,discrete_all,NVIDIA GeForce RTX 5090,gpu_3d:vulkan_compute,python_vulkan_compute,one per selected GPU / one memory worker as configured,1,N/A,N/A,sustained assigned memory/GPU pressure and verified progress,worker/GPU telemetry; see worker evidence,gpu_3d=90%,gpu assigned=30771822592 achieved=30771826688 ratio=1.0,durable backend-specific verification/readback/integrity evidence,NVIDIA GeForce RTX 5090:passes=4138 failures=0,600,601.3772975030006,pass,VALIDATED,High,"Correct physical target/backend, sustained progress, positive verification, and required concurrency/allocation",No,results/2026-08-13_14-12-23_x86_64 Integrated and Discrete GPU Acceptance Rerun/run_manifest.json; profile_used.json; system_info.json; raw_telemetry.csv; worker_results/; worker_logs/; advanced_debug/
Core i9-14900 / Intel RPL-S / RTX 5090,NVIDIA GeForce RTX 5090 [discrete] 0000:02:00.0; Intel(R) Graphics (RPL-S) [integrated] 0000:00:02.0,x86_64 Integrated and Discrete GPU Acceptance Rerun,x86_id_acceptance_ram_igpu,Combined RAM and iGPU Shared Memory,required,integrated_all,Intel(R) Graphics (RPL-S),memory:native; gpu_3d:vulkan_compute,python_vulkan_compute,one per selected GPU / one memory worker as configured,2,N/A,N/A,sustained assigned memory/GPU pressure and verified progress,"memory used median=61.08 GiB, max=61.14 GiB",memory=70%; gpu_3d=70%,gpu assigned=25183378678 achieved=25183382528 ratio=1.0,durable backend-specific verification/readback/integrity evidence,Intel(R) Graphics (RPL-S):passes=73 failures=0,600,601.5543277320103,pass,VALIDATED,High,"Correct physical target/backend, sustained progress, positive verification, and required concurrency/allocation",No,results/2026-08-13_14-12-23_x86_64 Integrated and Discrete GPU Acceptance Rerun/run_manifest.json; profile_used.json; system_info.json; raw_telemetry.csv; worker_results/; worker_logs/; advanced_debug/
Core i9-14900 / Intel RPL-S / RTX 5090,NVIDIA GeForce RTX 5090 [discrete] 0000:02:00.0; Intel(R) Graphics (RPL-S) [integrated] 0000:00:02.0,x86_64 Integrated and Discrete GPU Acceptance Rerun,x86_id_acceptance_ram_dgpu,Combined RAM and dGPU Dedicated Memory,required,discrete_all,NVIDIA GeForce RTX 5090,memory:native; vram:vulkan,python_vulkan_compute,one per selected GPU / one memory worker as configured,2,N/A,N/A,sustained assigned memory/GPU pressure and verified progress,"memory used median=56.36 GiB, max=56.47 GiB",memory=80%; vram=90%,gpu assigned=30771825868 achieved=30771829760 ratio=1.0,durable backend-specific verification/readback/integrity evidence,NVIDIA GeForce RTX 5090:passes=2673 failures=0,600,602.3148970530019,pass,VALIDATED,High,"Correct physical target/backend, sustained progress, positive verification, and required concurrency/allocation",No,results/2026-08-13_14-12-23_x86_64 Integrated and Discrete GPU Acceptance Rerun/run_manifest.json; profile_used.json; system_info.json; raw_telemetry.csv; worker_results/; worker_logs/; advanced_debug/
Core i9-14900 / Intel RPL-S / RTX 5090,NVIDIA GeForce RTX 5090 [discrete] 0000:02:00.0; Intel(R) Graphics (RPL-S) [integrated] 0000:00:02.0,x86_64 Integrated and Discrete GPU Acceptance Rerun,x86_id_acceptance_igpu_dgpu,Combined iGPU and dGPU Compute,required,all,NVIDIA GeForce RTX 5090; Intel(R) Graphics (RPL-S),gpu_3d:vulkan_compute,python_vulkan_compute,one per selected GPU / one memory worker as configured,2,N/A,N/A,sustained assigned memory/GPU pressure and verified progress,worker/GPU telemetry; see worker evidence,N/A,gpu assigned=1073741824 achieved=1073745920 ratio=1.0; gpu assigned=75829248 achieved=75833344 ratio=1.0,durable backend-specific verification/readback/integrity evidence,NVIDIA GeForce RTX 5090:passes=2904 failures=0 | Intel(R) Graphics (RPL-S):passes=910 failures=0,600,600.8313359689928,pass,VALIDATED,High,"Correct physical target/backend, sustained progress, positive verification, and required concurrency/allocation",No,results/2026-08-13_14-12-23_x86_64 Integrated and Discrete GPU Acceptance Rerun/run_manifest.json; profile_used.json; system_info.json; raw_telemetry.csv; worker_results/; worker_logs/; advanced_debug/
Core i9-14900 / Intel RPL-S / RTX 5090,NVIDIA GeForce RTX 5090 [discrete] 0000:02:00.0; Intel(R) Graphics (RPL-S) [integrated] 0000:00:02.0,x86_64 Integrated and Discrete GPU Acceptance Rerun,x86_id_acceptance_ram_all_gpu_memory,Combined RAM iGPU and dGPU Memory,required,all,NVIDIA GeForce RTX 5090; Intel(R) Graphics (RPL-S),memory:native; vram:vulkan,python_vulkan_compute,one per selected GPU / one memory worker as configured,3,N/A,N/A,sustained assigned memory/GPU pressure and verified progress,"memory used median=61.14 GiB, max=61.24 GiB",memory=70%; vram=70%,gpu assigned=23933642342 achieved=23933645824 ratio=1.0; gpu assigned=25369562908 achieved=25369566208 ratio=1.0,durable backend-specific verification/readback/integrity evidence,NVIDIA GeForce RTX 5090:passes=3154 failures=0 | Intel(R) Graphics (RPL-S):passes=75 failures=0,600,601.6258784140082,pass,VALIDATED,High,"Correct physical target/backend, sustained progress, positive verification, and required concurrency/allocation",No,results/2026-08-13_14-12-23_x86_64 Integrated and Discrete GPU Acceptance Rerun/run_manifest.json; profile_used.json; system_info.json; raw_telemetry.csv; worker_results/; worker_logs/; advanced_debug/
Core i9-14900 / Intel RPL-S / RTX 5090,NVIDIA GeForce RTX 5090 [discrete] 0000:02:00.0; Intel(R) Graphics (RPL-S) [integrated] 0000:00:02.0,x86_64 Integrated and Discrete GPU Acceptance Rerun,x86_id_acceptance_full,Combined Full CPU RAM iGPU and dGPU,required,all+all,"CPU 0,1,2,3,4,5,6,7,8,9,10,11,12,13,14,15,16,17,18,19,20,21,22,23,24,25,26,27,28,29,30,31; NVIDIA GeForce RTX 5090; Intel(R) Graphics (RPL-S)",cpu:native; memory:native; gpu_3d:vulkan_compute; vram:vulkan,python_vulkan_compute,32,4,auto,resolved common-safe/native evidence in manifest,near-full target CPU saturation,"aggregate median=100.00%, p10=100.00%, min=100.00%, lowest logical median=100.00%",memory=70%; vram=70%,gpu assigned=23933642342 achieved=23933645824 ratio=1.0; gpu assigned=25602812264 achieved=25602816000 ratio=1.0,durable backend-specific verification/readback/integrity evidence,NVIDIA GeForce RTX 5090:passes=2660 failures=0 | Intel(R) Graphics (RPL-S):passes=107 failures=0,600,601.546229005995,fail,FAILED,High,"All participants ran, but native RAM recorded two real inverted_mix64 mismatches",Yes (single full mixed stage),results/2026-08-13_14-12-23_x86_64 Integrated and Discrete GPU Acceptance Rerun/run_manifest.json; profile_used.json; system_info.json; raw_telemetry.csv; worker_results/; worker_logs/; advanced_debug/
Ryzen 5 8600G / Radeon 760M / RX 550 / T1000 / RTX PRO 6000,NVIDIA RTX PRO 6000 Blackwell Max-Q Workstation Edition [discrete] 0000:01:00.0; AMD Radeon RX 550 / 550 Series [discrete] 0000:04:00.0; NVIDIA T1000 8GB [discrete] 0000:05:00.0; AMD Radeon 760M Graphics [integrated] 0000:08:00.0,x86_64 Integrated and Discrete GPU Acceptance Rerun,x86_id_acceptance_cpu_stress_ng,CPU stress-ng Verified Saturation,required,logical CPU set,"CPU 0,1,2,3,4,5,6,7,8,9,10,11",cpu:stress_ng,stress_ng,12,1,auto,resolved common-safe/native evidence in manifest,near-full target CPU saturation,"aggregate median=100.00%, p10=100.00%, min=99.94%, lowest logical median=100.00%",N/A,N/A,durable backend-specific verification/readback/integrity evidence,"stress_ng:passed=12 failed=0 metrics=[{'bogo_ops': 5543434, 'bogo_ops_per_second_cpu': 785.16, 'bogo_ops_per_second_real': 9224.35, 'real_time_seconds': 600.96, 'stressor': 'cpu', 'system_time_seconds': 2.71, 'user_time_seconds': 7057.52}]",600,601.019193064,pass,VALIDATED,High,"Verified worker progress, complete affinity/worker counts, and near-full measured CPU saturation",No,results/2026-08-13_14-14-53_x86_64 Integrated and Discrete GPU Acceptance Rerun/run_manifest.json; profile_used.json; system_info.json; raw_telemetry.csv; worker_results/; worker_logs/; advanced_debug/
Ryzen 5 8600G / Radeon 760M / RX 550 / T1000 / RTX PRO 6000,NVIDIA RTX PRO 6000 Blackwell Max-Q Workstation Edition [discrete] 0000:01:00.0; AMD Radeon RX 550 / 550 Series [discrete] 0000:04:00.0; NVIDIA T1000 8GB [discrete] 0000:05:00.0; AMD Radeon 760M Graphics [integrated] 0000:08:00.0,x86_64 Integrated and Discrete GPU Acceptance Rerun,x86_id_acceptance_cpu_python,CPU Python Verified Saturation,required,logical CPU set,"CPU 0,1,2,3,4,5,6,7,8,9,10,11",cpu:python_fallback,python_fallback,12,1,auto,resolved common-safe/native evidence in manifest,near-full target CPU saturation,"aggregate median=100.00%, p10=100.00%, min=100.00%, lowest logical median=100.00%",N/A,N/A,durable backend-specific verification/readback/integrity evidence,python_fallback:passes=101102 failures=0,600,600.769114014,pass,VALIDATED,High,"Verified worker progress, complete affinity/worker counts, and near-full measured CPU saturation",No,results/2026-08-13_14-14-53_x86_64 Integrated and Discrete GPU Acceptance Rerun/run_manifest.json; profile_used.json; system_info.json; raw_telemetry.csv; worker_results/; worker_logs/; advanced_debug/
Ryzen 5 8600G / Radeon 760M / RX 550 / T1000 / RTX PRO 6000,NVIDIA RTX PRO 6000 Blackwell Max-Q Workstation Edition [discrete] 0000:01:00.0; AMD Radeon RX 550 / 550 Series [discrete] 0000:04:00.0; NVIDIA T1000 8GB [discrete] 0000:05:00.0; AMD Radeon 760M Graphics [integrated] 0000:08:00.0,x86_64 Integrated and Discrete GPU Acceptance Rerun,x86_id_acceptance_ram_stress_ng,RAM stress-ng Verification Evidence,required,system RAM,none recorded,memory:stress_ng,stress_ng,one per selected GPU / one memory worker as configured,1,N/A,N/A,sustained assigned memory/GPU pressure and verified progress,"memory used median=29.01 GiB, max=29.09 GiB",memory=80%,N/A,durable backend-specific verification/readback/integrity evidence,stress_ng:passed=None failed=None metrics=[],600,530.7752119610002,aborted,FAILED,High,Runtime guard emergency at MemAvailable=0 correctly stopped an unsustainable 80% workload before final metrics,No (guard behavior validated; backend validated elsewhere),results/2026-08-13_14-14-53_x86_64 Integrated and Discrete GPU Acceptance Rerun/run_manifest.json; profile_used.json; system_info.json; raw_telemetry.csv; worker_results/; worker_logs/; advanced_debug/
Ryzen 5 8600G / Radeon 760M / RX 550 / T1000 / RTX PRO 6000,NVIDIA RTX PRO 6000 Blackwell Max-Q Workstation Edition [discrete] 0000:01:00.0; AMD Radeon RX 550 / 550 Series [discrete] 0000:04:00.0; NVIDIA T1000 8GB [discrete] 0000:05:00.0; AMD Radeon 760M Graphics [integrated] 0000:08:00.0,x86_64 Integrated and Discrete GPU Acceptance Rerun,x86_id_acceptance_ram_python,RAM Python Integrity Evidence,required,system RAM,none recorded,memory:python_fallback,python_fallback,one per selected GPU / one memory worker as configured,1,N/A,N/A,sustained assigned memory/GPU pressure and verified progress,"memory used median=4.83 GiB, max=4.92 GiB",memory=80%,memory assigned=13181108224 achieved=13181108224 ratio=1.0,durable backend-specific verification/readback/integrity evidence,python_fallback:passes=16 failures=3218044,600,601.2398922429998,fail,FAILED,High,Deterministic false mismatch when rewrite pattern reached byte value zero,Yes,results/2026-08-13_14-14-53_x86_64 Integrated and Discrete GPU Acceptance Rerun/run_manifest.json; profile_used.json; system_info.json; raw_telemetry.csv; worker_results/; worker_logs/; advanced_debug/
Ryzen 5 8600G / Radeon 760M / RX 550 / T1000 / RTX PRO 6000,NVIDIA RTX PRO 6000 Blackwell Max-Q Workstation Edition [discrete] 0000:01:00.0; AMD Radeon RX 550 / 550 Series [discrete] 0000:04:00.0; NVIDIA T1000 8GB [discrete] 0000:05:00.0; AMD Radeon 760M Graphics [integrated] 0000:08:00.0,x86_64 Integrated and Discrete GPU Acceptance Rerun,x86_id_acceptance_igpu_compute,Integrated GPU Vulkan Compute,required,integrated_all,none recorded,gpu_3d:vulkan_compute,none recorded,one per selected GPU / one memory worker as configured,0,N/A,N/A,sustained assigned memory/GPU pressure and verified progress,worker/GPU telemetry; see worker evidence,N/A,N/A,durable backend-specific verification/readback/integrity evidence,none,600,0,skip,UNEXPECTED SKIP / LVS DEFECT,High,"Vulkan exposed a real AMD integrated GPU, but DRM-only class selection matched no integrated target",Yes for unexecuted transfer/stateful/concurrency,results/2026-08-13_14-14-53_x86_64 Integrated and Discrete GPU Acceptance Rerun/run_manifest.json; profile_used.json; system_info.json; raw_telemetry.csv; worker_results/; worker_logs/; advanced_debug/
Ryzen 5 8600G / Radeon 760M / RX 550 / T1000 / RTX PRO 6000,NVIDIA RTX PRO 6000 Blackwell Max-Q Workstation Edition [discrete] 0000:01:00.0; AMD Radeon RX 550 / 550 Series [discrete] 0000:04:00.0; NVIDIA T1000 8GB [discrete] 0000:05:00.0; AMD Radeon 760M Graphics [integrated] 0000:08:00.0,x86_64 Integrated and Discrete GPU Acceptance Rerun,x86_id_acceptance_igpu_transfer,Integrated GPU Vulkan Transfer,required,integrated_all,none recorded,gpu_3d:vulkan,none recorded,one per selected GPU / one memory worker as configured,0,N/A,N/A,sustained assigned memory/GPU pressure and verified progress,worker/GPU telemetry; see worker evidence,N/A,N/A,durable backend-specific verification/readback/integrity evidence,none,600,0,skip,UNEXPECTED SKIP / LVS DEFECT,High,"Vulkan exposed a real AMD integrated GPU, but DRM-only class selection matched no integrated target",Yes for unexecuted transfer/stateful/concurrency,results/2026-08-13_14-14-53_x86_64 Integrated and Discrete GPU Acceptance Rerun/run_manifest.json; profile_used.json; system_info.json; raw_telemetry.csv; worker_results/; worker_logs/; advanced_debug/
Ryzen 5 8600G / Radeon 760M / RX 550 / T1000 / RTX PRO 6000,NVIDIA RTX PRO 6000 Blackwell Max-Q Workstation Edition [discrete] 0000:01:00.0; AMD Radeon RX 550 / 550 Series [discrete] 0000:04:00.0; NVIDIA T1000 8GB [discrete] 0000:05:00.0; AMD Radeon 760M Graphics [integrated] 0000:08:00.0,x86_64 Integrated and Discrete GPU Acceptance Rerun,x86_id_acceptance_igpu_stateful,Integrated GPU Vulkan Stateful Shared Memory,required,integrated_all,none recorded,gpu_3d:vulkan_compute,none recorded,one per selected GPU / one memory worker as configured,0,N/A,N/A,sustained assigned memory/GPU pressure and verified progress,worker/GPU telemetry; see worker evidence,gpu_3d=80%,N/A,durable backend-specific verification/readback/integrity evidence,none,600,0,skip,UNEXPECTED SKIP / LVS DEFECT,High,"Vulkan exposed a real AMD integrated GPU, but DRM-only class selection matched no integrated target",Yes for unexecuted transfer/stateful/concurrency,results/2026-08-13_14-14-53_x86_64 Integrated and Discrete GPU Acceptance Rerun/run_manifest.json; profile_used.json; system_info.json; raw_telemetry.csv; worker_results/; worker_logs/; advanced_debug/
Ryzen 5 8600G / Radeon 760M / RX 550 / T1000 / RTX PRO 6000,NVIDIA RTX PRO 6000 Blackwell Max-Q Workstation Edition [discrete] 0000:01:00.0; AMD Radeon RX 550 / 550 Series [discrete] 0000:04:00.0; NVIDIA T1000 8GB [discrete] 0000:05:00.0; AMD Radeon 760M Graphics [integrated] 0000:08:00.0,x86_64 Integrated and Discrete GPU Acceptance Rerun,x86_id_acceptance_dgpu_compute,Discrete GPU Vulkan Compute,required,discrete_all,NVIDIA RTX PRO 6000 Blackwell Max-Q Workstation Edition; NVIDIA T1000 8GB,gpu_3d:vulkan_compute,python_vulkan_compute,one per selected GPU / one memory worker as configured,2,N/A,N/A,sustained assigned memory/GPU pressure and verified progress,worker/GPU telemetry; see worker evidence,N/A,gpu assigned=1610612736 achieved=1610616832 ratio=1.0; gpu assigned=201326592 achieved=201330688 ratio=1.0,durable backend-specific verification/readback/integrity evidence,NVIDIA RTX PRO 6000 Blackwell Max-Q Workstation Edition:passes=1272 failures=0 | NVIDIA T1000 8GB:passes=1879 failures=0,600,600.920067304,warning,"PARTIALLY EXECUTED, NOT VALIDATED",High,discrete_all omitted the Vulkan-discrete RX 550; selected NVIDIA participants themselves verified,Yes for RX 550 transfer/stateful coverage,results/2026-08-13_14-14-53_x86_64 Integrated and Discrete GPU Acceptance Rerun/run_manifest.json; profile_used.json; system_info.json; raw_telemetry.csv; worker_results/; worker_logs/; advanced_debug/
Ryzen 5 8600G / Radeon 760M / RX 550 / T1000 / RTX PRO 6000,NVIDIA RTX PRO 6000 Blackwell Max-Q Workstation Edition [discrete] 0000:01:00.0; AMD Radeon RX 550 / 550 Series [discrete] 0000:04:00.0; NVIDIA T1000 8GB [discrete] 0000:05:00.0; AMD Radeon 760M Graphics [integrated] 0000:08:00.0,x86_64 Integrated and Discrete GPU Acceptance Rerun,x86_id_acceptance_dgpu_transfer,Discrete GPU Vulkan Transfer,required,discrete_all,NVIDIA RTX PRO 6000 Blackwell Max-Q Workstation Edition; NVIDIA T1000 8GB,gpu_3d:vulkan,python_vulkan_transfer,one per selected GPU / one memory worker as configured,2,N/A,N/A,sustained assigned memory/GPU pressure and verified progress,worker/GPU telemetry; see worker evidence,N/A,gpu assigned=402653184 achieved=805306368 ratio=1.0; gpu assigned=201326592 achieved=402653184 ratio=1.0,durable backend-specific verification/readback/integrity evidence,NVIDIA RTX PRO 6000 Blackwell Max-Q Workstation Edition:passes=6587 failures=0 | NVIDIA T1000 8GB:passes=3201 failures=0,600,601.9011869369997,pass,"PARTIALLY EXECUTED, NOT VALIDATED",High,discrete_all omitted the Vulkan-discrete RX 550; selected NVIDIA participants themselves verified,Yes for RX 550 transfer/stateful coverage,results/2026-08-13_14-14-53_x86_64 Integrated and Discrete GPU Acceptance Rerun/run_manifest.json; profile_used.json; system_info.json; raw_telemetry.csv; worker_results/; worker_logs/; advanced_debug/
Ryzen 5 8600G / Radeon 760M / RX 550 / T1000 / RTX PRO 6000,NVIDIA RTX PRO 6000 Blackwell Max-Q Workstation Edition [discrete] 0000:01:00.0; AMD Radeon RX 550 / 550 Series [discrete] 0000:04:00.0; NVIDIA T1000 8GB [discrete] 0000:05:00.0; AMD Radeon 760M Graphics [integrated] 0000:08:00.0,x86_64 Integrated and Discrete GPU Acceptance Rerun,x86_id_acceptance_dgpu_stateful,Discrete GPU Vulkan Stateful Dedicated Memory,required,discrete_all,NVIDIA RTX PRO 6000 Blackwell Max-Q Workstation Edition; NVIDIA T1000 8GB,gpu_3d:vulkan_compute,python_vulkan_compute,one per selected GPU / one memory worker as configured,2,N/A,N/A,sustained assigned memory/GPU pressure and verified progress,worker/GPU telemetry; see worker evidence,gpu_3d=90%,gpu assigned=92377759744 achieved=92377763840 ratio=1.0; gpu assigned=7730937856 achieved=7730941952 ratio=1.0,durable backend-specific verification/readback/integrity evidence,NVIDIA RTX PRO 6000 Blackwell Max-Q Workstation Edition:passes=1483 failures=0 | NVIDIA T1000 8GB:passes=1652 failures=0,600,601.8576046139997,warning,"PARTIALLY EXECUTED, NOT VALIDATED",High,discrete_all omitted the Vulkan-discrete RX 550; selected NVIDIA participants themselves verified,Yes for RX 550 transfer/stateful coverage,results/2026-08-13_14-14-53_x86_64 Integrated and Discrete GPU Acceptance Rerun/run_manifest.json; profile_used.json; system_info.json; raw_telemetry.csv; worker_results/; worker_logs/; advanced_debug/
Ryzen 5 8600G / Radeon 760M / RX 550 / T1000 / RTX PRO 6000,NVIDIA RTX PRO 6000 Blackwell Max-Q Workstation Edition [discrete] 0000:01:00.0; AMD Radeon RX 550 / 550 Series [discrete] 0000:04:00.0; NVIDIA T1000 8GB [discrete] 0000:05:00.0; AMD Radeon 760M Graphics [integrated] 0000:08:00.0,x86_64 Integrated and Discrete GPU Acceptance Rerun,x86_id_acceptance_ram_igpu,Combined RAM and iGPU Shared Memory,required,integrated_all,none recorded,memory:native; gpu_3d:vulkan_compute,none recorded,one per selected GPU / one memory worker as configured,0,N/A,N/A,sustained assigned memory/GPU pressure and verified progress,"memory used median= GiB, max= GiB",memory=70%; gpu_3d=70%,N/A,durable backend-specific verification/readback/integrity evidence,none,600,0,skip,UNEXPECTED SKIP / LVS DEFECT,High,"Vulkan exposed a real AMD integrated GPU, but DRM-only class selection matched no integrated target",Yes for unexecuted transfer/stateful/concurrency,results/2026-08-13_14-14-53_x86_64 Integrated and Discrete GPU Acceptance Rerun/run_manifest.json; profile_used.json; system_info.json; raw_telemetry.csv; worker_results/; worker_logs/; advanced_debug/
Ryzen 5 8600G / Radeon 760M / RX 550 / T1000 / RTX PRO 6000,NVIDIA RTX PRO 6000 Blackwell Max-Q Workstation Edition [discrete] 0000:01:00.0; AMD Radeon RX 550 / 550 Series [discrete] 0000:04:00.0; NVIDIA T1000 8GB [discrete] 0000:05:00.0; AMD Radeon 760M Graphics [integrated] 0000:08:00.0,x86_64 Integrated and Discrete GPU Acceptance Rerun,x86_id_acceptance_ram_dgpu,Combined RAM and dGPU Dedicated Memory,required,discrete_all,NVIDIA RTX PRO 6000 Blackwell Max-Q Workstation Edition; NVIDIA T1000 8GB,memory:native; vram:vulkan,python_vulkan_compute,one per selected GPU / one memory worker as configured,3,N/A,N/A,sustained assigned memory/GPU pressure and verified progress,"memory used median=29.86 GiB, max=29.90 GiB",memory=80%; vram=90%,gpu assigned=92377763020 achieved=92377766912 ratio=1.0; gpu assigned=7730941132 achieved=7730945024 ratio=1.0,durable backend-specific verification/readback/integrity evidence,NVIDIA RTX PRO 6000 Blackwell Max-Q Workstation Edition:passes=1163 failures=0 | NVIDIA T1000 8GB:passes=1550 failures=0,600,601.662880846,warning,"PARTIALLY EXECUTED, NOT VALIDATED",High,discrete_all omitted the Vulkan-discrete RX 550; selected NVIDIA participants themselves verified,Yes for RX 550 transfer/stateful coverage,results/2026-08-13_14-14-53_x86_64 Integrated and Discrete GPU Acceptance Rerun/run_manifest.json; profile_used.json; system_info.json; raw_telemetry.csv; worker_results/; worker_logs/; advanced_debug/
Ryzen 5 8600G / Radeon 760M / RX 550 / T1000 / RTX PRO 6000,NVIDIA RTX PRO 6000 Blackwell Max-Q Workstation Edition [discrete] 0000:01:00.0; AMD Radeon RX 550 / 550 Series [discrete] 0000:04:00.0; NVIDIA T1000 8GB [discrete] 0000:05:00.0; AMD Radeon 760M Graphics [integrated] 0000:08:00.0,x86_64 Integrated and Discrete GPU Acceptance Rerun,x86_id_acceptance_igpu_dgpu,Combined iGPU and dGPU Compute,required,all,NVIDIA RTX PRO 6000 Blackwell Max-Q Workstation Edition; AMD Radeon RX 550 / 550 Series (RADV POLARIS12); AMD Radeon 760M Graphics (RADV PHOENIX); NVIDIA T1000 8GB,gpu_3d:vulkan_compute,python_vulkan_compute,one per selected GPU / one memory worker as configured,4,N/A,N/A,sustained assigned memory/GPU pressure and verified progress,worker/GPU telemetry; see worker evidence,N/A,gpu assigned=1610612736 achieved=1610616832 ratio=1.0; gpu assigned=100663296 achieved=100667392 ratio=1.0; gpu assigned=50331648 achieved=50335744 ratio=1.0; gpu assigned=201326592 achieved=201330688 ratio=1.0,durable backend-specific verification/readback/integrity evidence,NVIDIA RTX PRO 6000 Blackwell Max-Q Workstation Edition:passes=1254 failures=0 | AMD Radeon RX 550 / 550 Series (RADV POLARIS12):passes=648 failures=0 | AMD Radeon 760M Graphics (RADV PHOENIX):passes=6127 failures=0 | NVIDIA T1000 8GB:passes=1830 failures=0,600,600.5053121069996,warning,VALIDATED WITH EXPLAINED WARNING,High,All four GPUs ran verified compute concurrently; thermal warning was truthful,No,results/2026-08-13_14-14-53_x86_64 Integrated and Discrete GPU Acceptance Rerun/run_manifest.json; profile_used.json; system_info.json; raw_telemetry.csv; worker_results/; worker_logs/; advanced_debug/
Ryzen 5 8600G / Radeon 760M / RX 550 / T1000 / RTX PRO 6000,NVIDIA RTX PRO 6000 Blackwell Max-Q Workstation Edition [discrete] 0000:01:00.0; AMD Radeon RX 550 / 550 Series [discrete] 0000:04:00.0; NVIDIA T1000 8GB [discrete] 0000:05:00.0; AMD Radeon 760M Graphics [integrated] 0000:08:00.0,x86_64 Integrated and Discrete GPU Acceptance Rerun,x86_id_acceptance_ram_all_gpu_memory,Combined RAM iGPU and dGPU Memory,required,all,NVIDIA RTX PRO 6000 Blackwell Max-Q Workstation Edition; AMD Radeon RX 550 / 550 Series (RADV POLARIS12); AMD Radeon 760M Graphics (RADV PHOENIX); NVIDIA T1000 8GB,memory:native; vram:vulkan,python_vulkan_compute,one per selected GPU / one memory worker as configured,5,N/A,N/A,sustained assigned memory/GPU pressure and verified progress,"memory used median=23.98 GiB, max=24.07 GiB",memory=70%; vram=70%,gpu assigned=71849371238 achieved=71849374720 ratio=1.0; gpu assigned=751619276 achieved=751623168 ratio=1.0; gpu assigned=6495703324 achieved=483187712 ratio=0.074385; gpu assigned=6012954214 achieved=6012957696 ratio=1.0,durable backend-specific verification/readback/integrity evidence,NVIDIA RTX PRO 6000 Blackwell Max-Q Workstation Edition:passes=1153 failures=0 | AMD Radeon RX 550 / 550 Series (RADV POLARIS12):passes=2427 failures=0 | AMD Radeon 760M Graphics (RADV PHOENIX):passes=7516 failures=0 | NVIDIA T1000 8GB:passes=1792 failures=0,600,601.1923517429996,fail,FAILED,High,AMD APU stateful worker achieved only 6.9-7.4% after carved-out VRAM capped the shared assignment,Yes,results/2026-08-13_14-14-53_x86_64 Integrated and Discrete GPU Acceptance Rerun/run_manifest.json; profile_used.json; system_info.json; raw_telemetry.csv; worker_results/; worker_logs/; advanced_debug/
Ryzen 5 8600G / Radeon 760M / RX 550 / T1000 / RTX PRO 6000,NVIDIA RTX PRO 6000 Blackwell Max-Q Workstation Edition [discrete] 0000:01:00.0; AMD Radeon RX 550 / 550 Series [discrete] 0000:04:00.0; NVIDIA T1000 8GB [discrete] 0000:05:00.0; AMD Radeon 760M Graphics [integrated] 0000:08:00.0,x86_64 Integrated and Discrete GPU Acceptance Rerun,x86_id_acceptance_full,Combined Full CPU RAM iGPU and dGPU,required,all+all,"CPU 0,1,2,3,4,5,6,7,8,9,10,11; AMD Radeon 760M Graphics (RADV PHOENIX); NVIDIA RTX PRO 6000 Blackwell Max-Q Workstation Edition; AMD Radeon RX 550 / 550 Series (RADV POLARIS12); NVIDIA T1000 8GB",cpu:native; memory:native; gpu_3d:vulkan_compute; vram:vulkan,python_vulkan_compute,12,6,auto,resolved common-safe/native evidence in manifest,near-full target CPU saturation,"aggregate median=100.00%, p10=100.00%, min=100.00%, lowest logical median=100.00%",memory=70%; vram=70%,gpu assigned=50331648 achieved=50335744 ratio=1.0; gpu assigned=71849371238 achieved=71849374720 ratio=1.0; gpu assigned=751619276 achieved=751623168 ratio=1.0; gpu assigned=6012954214 achieved=6012957696 ratio=1.0,durable backend-specific verification/readback/integrity evidence,AMD Radeon 760M Graphics (RADV PHOENIX):passes=4403 failures=0 | NVIDIA RTX PRO 6000 Blackwell Max-Q Workstation Edition:passes=1291 failures=0 | AMD Radeon RX 550 / 550 Series (RADV POLARIS12):passes=2461 failures=0 | NVIDIA T1000 8GB:passes=1926 failures=0,600,601.4082872710005,warning,"PARTIALLY EXECUTED, NOT VALIDATED",High,"CPU/RAM/discrete GPU and APU compute ran, but required AMD shared-stateful allocation was omitted",Yes,results/2026-08-13_14-14-53_x86_64 Integrated and Discrete GPU Acceptance Rerun/run_manifest.json; profile_used.json; system_info.json; raw_telemetry.csv; worker_results/; worker_logs/; advanced_debug/
Qualcomm Oryon / Adreno X1-45,,ARM64 Integrated Shared-GPU Acceptance Rerun,arm64_acceptance_cpu_stress_ng,CPU stress-ng Verified Saturation,required,logical CPU set,"CPU 0,1,2,3,4,5,6,7",cpu:stress_ng,stress_ng,8,1,auto,resolved common-safe/native evidence in manifest,near-full target CPU saturation,"aggregate median=100.00%, p10=100.00%, min=99.63%, lowest logical median=100.00%",N/A,N/A,durable backend-specific verification/readback/integrity evidence,"stress_ng:passed=8 failed=0 metrics=[{'bogo_ops': 439878, 'bogo_ops_per_second_cpu': 92.19, 'bogo_ops_per_second_real': 732.92, 'real_time_seconds': 600.17, 'stressor': 'cpu', 'system_time_seconds': 0.62, 'user_time_seconds': 4770.65}]",600,600.2237289479999,pass,VALIDATED,High,"Verified worker progress, complete affinity/worker counts, and near-full measured CPU saturation",No,results/2026-08-13_14-15-12_ARM64 Integrated Shared-GPU Acceptance Rerun/run_manifest.json; profile_used.json; system_info.json; raw_telemetry.csv; worker_results/; worker_logs/; advanced_debug/
Qualcomm Oryon / Adreno X1-45,,ARM64 Integrated Shared-GPU Acceptance Rerun,arm64_acceptance_cpu_python,CPU Python Verified Saturation,required,logical CPU set,"CPU 0,1,2,3,4,5,6,7",cpu:python_fallback,python_fallback,8,1,auto,resolved common-safe/native evidence in manifest,near-full target CPU saturation,"aggregate median=100.00%, p10=100.00%, min=99.88%, lowest logical median=100.00%",N/A,N/A,durable backend-specific verification/readback/integrity evidence,python_fallback:passes=157268 failures=0,600,600.4670256530007,pass,VALIDATED,High,"Verified worker progress, complete affinity/worker counts, and near-full measured CPU saturation",No,results/2026-08-13_14-15-12_ARM64 Integrated Shared-GPU Acceptance Rerun/run_manifest.json; profile_used.json; system_info.json; raw_telemetry.csv; worker_results/; worker_logs/; advanced_debug/
Qualcomm Oryon / Adreno X1-45,,ARM64 Integrated Shared-GPU Acceptance Rerun,arm64_acceptance_ram_stress_ng,RAM stress-ng Verification Evidence,required,system RAM,none recorded,memory:stress_ng,stress_ng,one per selected GPU / one memory worker as configured,1,N/A,N/A,sustained assigned memory/GPU pressure and verified progress,"memory used median=13.04 GiB, max=13.39 GiB",memory=80%,N/A,durable backend-specific verification/readback/integrity evidence,"stress_ng:passed=1 failed=0 metrics=[{'bogo_ops': 76322050, 'bogo_ops_per_second_cpu': 126748.77, 'bogo_ops_per_second_real': 126709.06, 'real_time_seconds': 602.34, 'stressor': 'vm', 'system_time_seconds': 18.69, 'user_time_seconds': 583.46}]",600,602.3965547129992,pass,VALIDATED,High,Durable --verify/--metrics-brief VM pass/fail and positive bogo metrics with sustained pressure,No,results/2026-08-13_14-15-12_ARM64 Integrated Shared-GPU Acceptance Rerun/run_manifest.json; profile_used.json; system_info.json; raw_telemetry.csv; worker_results/; worker_logs/; advanced_debug/
Qualcomm Oryon / Adreno X1-45,,ARM64 Integrated Shared-GPU Acceptance Rerun,arm64_acceptance_ram_python,RAM Python Integrity Evidence,required,system RAM,none recorded,memory:python_fallback,python_fallback,one per selected GPU / one memory worker as configured,1,N/A,N/A,sustained assigned memory/GPU pressure and verified progress,"memory used median=5.44 GiB, max=5.48 GiB",memory=80%,memory assigned=8358469632 achieved=8358469632 ratio=1.0,durable backend-specific verification/readback/integrity evidence,python_fallback:passes=16 failures=2040642,600,600.3789226519984,fail,FAILED,High,Deterministic false mismatch when rewrite pattern reached byte value zero,Yes,results/2026-08-13_14-15-12_ARM64 Integrated Shared-GPU Acceptance Rerun/run_manifest.json; profile_used.json; system_info.json; raw_telemetry.csv; worker_results/; worker_logs/; advanced_debug/
Qualcomm Oryon / Adreno X1-45,,ARM64 Integrated Shared-GPU Acceptance Rerun,arm64_acceptance_vulkan_compute,Integrated GPU Vulkan Compute,required,integrated_all,Adreno X1-45,gpu_3d:vulkan_compute,python_vulkan_compute,one per selected GPU / one memory worker as configured,1,N/A,N/A,sustained assigned memory/GPU pressure and verified progress,worker/GPU telemetry; see worker evidence,N/A,gpu assigned=50331648 achieved=50335744 ratio=1.0,durable backend-specific verification/readback/integrity evidence,Adreno X1-45:passes=3930 failures=0,600,600.9456489850018,pass,VALIDATED,High,"All intended participants overlapped, progressed, verified, and sustained the planned interval",No,results/2026-08-13_14-15-12_ARM64 Integrated Shared-GPU Acceptance Rerun/run_manifest.json; profile_used.json; system_info.json; raw_telemetry.csv; worker_results/; worker_logs/; advanced_debug/
Qualcomm Oryon / Adreno X1-45,,ARM64 Integrated Shared-GPU Acceptance Rerun,arm64_acceptance_vulkan_transfer,Integrated GPU Vulkan Transfer,required,integrated_all,Adreno X1-45,gpu_3d:vulkan,python_vulkan_transfer,one per selected GPU / one memory worker as configured,1,N/A,N/A,sustained assigned memory/GPU pressure and verified progress,worker/GPU telemetry; see worker evidence,N/A,gpu assigned=50331648 achieved=100663296 ratio=1.0,durable backend-specific verification/readback/integrity evidence,Adreno X1-45:passes=38109 failures=0,600,600.7286449499989,pass,VALIDATED,High,"All intended participants overlapped, progressed, verified, and sustained the planned interval",No,results/2026-08-13_14-15-12_ARM64 Integrated Shared-GPU Acceptance Rerun/run_manifest.json; profile_used.json; system_info.json; raw_telemetry.csv; worker_results/; worker_logs/; advanced_debug/
Qualcomm Oryon / Adreno X1-45,,ARM64 Integrated Shared-GPU Acceptance Rerun,arm64_acceptance_vulkan_stateful,Integrated GPU Vulkan Stateful Shared Memory,required,integrated_all,Adreno X1-45,gpu_3d:vulkan_compute,python_vulkan_compute,one per selected GPU / one memory worker as configured,1,N/A,N/A,sustained assigned memory/GPU pressure and verified progress,worker/GPU telemetry; see worker evidence,gpu_3d=80%,gpu assigned=9096425472 achieved=4294971392 ratio=0.47216,durable backend-specific verification/readback/integrity evidence,Adreno X1-45:passes=1185 failures=0,600,600.6674053930001,fail,FAILED,High,Fixed 32-buffer ceiling limited allocation to 47.216% despite no guard or Vulkan allocation error,Yes,results/2026-08-13_14-15-12_ARM64 Integrated Shared-GPU Acceptance Rerun/run_manifest.json; profile_used.json; system_info.json; raw_telemetry.csv; worker_results/; worker_logs/; advanced_debug/
Qualcomm Oryon / Adreno X1-45,,ARM64 Integrated Shared-GPU Acceptance Rerun,arm64_acceptance_cpu_gpu,Combined CPU and Vulkan Compute,required,integrated_all,"CPU 0,1,2,3,4,5,6,7; Adreno X1-45",cpu:native; gpu_3d:vulkan_compute,python_vulkan_compute,8,2,auto,resolved common-safe/native evidence in manifest,near-full target CPU saturation,"aggregate median=100.00%, p10=100.00%, min=100.00%, lowest logical median=100.00%",N/A,gpu assigned=50331648 achieved=50335744 ratio=1.0,durable backend-specific verification/readback/integrity evidence,Adreno X1-45:passes=3944 failures=0,600,600.3553144620018,pass,VALIDATED,High,"All intended participants overlapped, progressed, verified, and sustained the planned interval",No,results/2026-08-13_14-15-12_ARM64 Integrated Shared-GPU Acceptance Rerun/run_manifest.json; profile_used.json; system_info.json; raw_telemetry.csv; worker_results/; worker_logs/; advanced_debug/
Qualcomm Oryon / Adreno X1-45,,ARM64 Integrated Shared-GPU Acceptance Rerun,arm64_acceptance_ram_gpu,Combined RAM and Shared GPU Memory,required,integrated_all,Adreno X1-45,memory:native; gpu_3d:vulkan_compute,python_vulkan_compute,one per selected GPU / one memory worker as configured,2,N/A,N/A,sustained assigned memory/GPU pressure and verified progress,"memory used median=12.96 GiB, max=13.00 GiB",memory=70%; gpu_3d=70%,gpu assigned=3717092879 achieved=3717096448 ratio=1.0,durable backend-specific verification/readback/integrity evidence,Adreno X1-45:passes=998 failures=0,600,601.5356784299984,pass,VALIDATED,High,"All intended participants overlapped, progressed, verified, and sustained the planned interval",No,results/2026-08-13_14-15-12_ARM64 Integrated Shared-GPU Acceptance Rerun/run_manifest.json; profile_used.json; system_info.json; raw_telemetry.csv; worker_results/; worker_logs/; advanced_debug/
Qualcomm Oryon / Adreno X1-45,,ARM64 Integrated Shared-GPU Acceptance Rerun,arm64_acceptance_cpu_ram_gpu,Combined CPU RAM and Shared GPU Memory,required,integrated_all,"CPU 0,1,2,3,4,5,6,7; Adreno X1-45",cpu:native; memory:native; gpu_3d:vulkan_compute,python_vulkan_compute,8,3,auto,resolved common-safe/native evidence in manifest,near-full target CPU saturation,"aggregate median=100.00%, p10=100.00%, min=100.00%, lowest logical median=100.00%",memory=70%; gpu_3d=70%,gpu assigned=4242981298 achieved=4242984960 ratio=1.0,durable backend-specific verification/readback/integrity evidence,Adreno X1-45:passes=953 failures=0,600,601.3110732640016,pass,VALIDATED,High,"All intended participants overlapped, progressed, verified, and sustained the planned interval",No,results/2026-08-13_14-15-12_ARM64 Integrated Shared-GPU Acceptance Rerun/run_manifest.json; profile_used.json; system_info.json; raw_telemetry.csv; worker_results/; worker_logs/; advanced_debug/
Qualcomm Oryon / Adreno X1-45,,ARM64 Integrated Shared-GPU Acceptance Rerun,arm64_acceptance_full_pressure,Combined Full CPU RAM Compute and Shared Memory,required,integrated_all+integrated_all,"CPU 0,1,2,3,4,5,6,7; Adreno X1-45",cpu:native; memory:native; gpu_3d:vulkan_compute; vram:vulkan,python_vulkan_compute,8,3,auto,resolved common-safe/native evidence in manifest,near-full target CPU saturation,"aggregate median=100.00%, p10=100.00%, min=100.00%, lowest logical median=100.00%",memory=70%; vram=70%,gpu assigned=4488918516 achieved=4294971392 ratio=0.956793,durable backend-specific verification/readback/integrity evidence,Adreno X1-45:passes=950 failures=0,600,601.3333613840005,pass,VALIDATED,High,"All intended participants overlapped, progressed, verified, and sustained the planned interval",No,results/2026-08-13_14-15-12_ARM64 Integrated Shared-GPU Acceptance Rerun/run_manifest.json; profile_used.json; system_info.json; raw_telemetry.csv; worker_results/; worker_logs/; advanced_debug/
